TS, DPE, VALUE
24-09-2017 21:42:36.47200100,LHC:LHCCOM/LHC.LHC.Beam.LuminosityScan.Plane,None
24-09-2017 21:42:36.47200100,LHC:LHCCOM/LHC.LHC.Beam.LuminosityScan.Nominal_Separation,0
24-09-2017 21:42:36.47200100,LHC:LHCCOM/LHC.LHC.Beam.LuminosityScan.IP,0
24-09-2017 21:42:36.47200100,LHC:LHCCOM/LHC.LHC.Beam.LuminosityScan.Beam,0
24-09-2017 21:42:36.47200100,LHC:LHCCOM/LHC.LHC.Beam.LuminosityScan.Acquisition_Flag,0
12-10-2017 07:23:52.14400000,LHC:LHCCOM/LHC.LHC.Beam.AutomaticScan.Set_Nominal_Displacement_B2_xingPlane,0
12-10-2017 07:23:52.14400000,LHC:LHCCOM/LHC.LHC.Beam.AutomaticScan.Set_Nominal_Displacement_B1_xingPlane,0
12-10-2017 07:26:18.79500000,LHC:LHCCOM/LHC.LHC.Beam.AutomaticScan.Acquisition_Flag,0
12-10-2017 07:26:25.42400000,LHC:LHCCOM/LHC.LHC.Beam.AutomaticScan.Beam,0
12-10-2017 07:26:25.42400000,LHC:LHCCOM/LHC.LHC.Beam.AutomaticScan.IP,0
12-10-2017 07:26:25.42400000,LHC:LHCCOM/LHC.LHC.Beam.AutomaticScan.LumiScan_Status,STANDBY
12-10-2017 07:26:25.42400000,LHC:LHCCOM/LHC.LHC.Beam.AutomaticScan.Nominal_Separation,0
12-10-2017 07:26:25.42400000,LHC:LHCCOM/LHC.LHC.Beam.AutomaticScan.Plane,NONE
12-10-2017 07:26:25.42400000,LHC:LHCCOM/LHC.LHC.Beam.AutomaticScan.Set_Nominal_Displacement_B1_sepPlane,0
12-10-2017 07:26:25.42400000,LHC:LHCCOM/LHC.LHC.Beam.AutomaticScan.Set_Nominal_Displacement_B2_sepPlane,0
12-10-2017 07:26:25.42400000,LHC:LHCCOM/LHC.LHC.Beam.AutomaticScan.Step,9.999E+003
13-10-2017 01:35:06.15500000,LHC:LHCCOM/LHC.LHC.Beam.AutomaticScan.Plane,MIXED
13-10-2017 01:35:06.15500000,LHC:LHCCOM/LHC.LHC.Beam.AutomaticScan.Step,-1.0E+000
13-10-2017 01:35:06.15500000,LHC:LHCCOM/LHC.LHC.Beam.AutomaticScan.IP,2.56E+002
13-10-2017 01:35:06.15500000,LHC:LHCCOM/LHC.LHC.Beam.AutomaticScan.Beam,3.0E+000
13-10-2017 01:35:06.15700000,LHC:LHCCOM/LHC.LHC.Beam.AutomaticScan.Step,0
13-10-2017 01:35:06.16300000,LHC:LHCCOM/LHC.LHC.Beam.AutomaticScan.LumiScan_Status,ACQUIRING
13-10-2017 01:35:06.16300000,LHC:LHCCOM/LHC.LHC.Beam.AutomaticScan.Step,1.0E+000
13-10-2017 01:35:06.16300000,LHC:LHCCOM/LHC.LHC.Beam.AutomaticScan.Acquisition_Flag,1.0E+000
13-10-2017 01:35:36.24300000,LHC:LHCCOM/LHC.LHC.Beam.AutomaticScan.Acquisition_Flag,0
13-10-2017 01:35:36.24300000,LHC:LHCCOM/LHC.LHC.Beam.AutomaticScan.Step,2.0E+000
13-10-2017 01:35:36.24300000,LHC:LHCCOM/LHC.LHC.Beam.AutomaticScan.LumiScan_Status,TRIMMING
13-10-2017 01:35:47.66600000,LHC:LHCCOM/LHC.LHC.Beam.AutomaticScan.Step,9.999E+003
13-10-2017 01:35:47.66600000,LHC:LHCCOM/LHC.LHC.Beam.AutomaticScan.Nominal_Separation,-1.5573458209937829E-001
13-10-2017 01:35:47.66600000,LHC:LHCCOM/LHC.LHC.Beam.AutomaticScan.Set_Nominal_Displacement_B2_sepPlane,7.7867291049689147E-002
13-10-2017 01:35:47.66600000,LHC:LHCCOM/LHC.LHC.Beam.AutomaticScan.LumiScan_Status,IDLE
13-10-2017 01:35:47.66600000,LHC:LHCCOM/LHC.LHC.Beam.AutomaticScan.Set_Nominal_Displacement_B1_sepPlane,-7.7867291049689147E-002
13-10-2017 01:35:48.67300000,LHC:LHCCOM/LHC.LHC.Beam.AutomaticScan.Acquisition_Flag,1.0E+000
13-10-2017 01:35:48.67300000,LHC:LHCCOM/LHC.LHC.Beam.AutomaticScan.Step,4.0E+000
13-10-2017 01:35:48.67300000,LHC:LHCCOM/LHC.LHC.Beam.AutomaticScan.LumiScan_Status,ACQUIRING
13-10-2017 01:35:58.70200000,LHC:LHCCOM/LHC.LHC.Beam.AutomaticScan.Acquisition_Flag,0
13-10-2017 01:35:58.70200000,LHC:LHCCOM/LHC.LHC.Beam.AutomaticScan.LumiScan_Status,TRIMMING
13-10-2017 01:35:58.70200000,LHC:LHCCOM/LHC.LHC.Beam.AutomaticScan.Step,5.0E+000
13-10-2017 01:36:03.22300000,LHC:LHCCOM/LHC.LHC.Beam.AutomaticScan.Step,9.999E+003
13-10-2017 01:36:03.22300000,LHC:LHCCOM/LHC.LHC.Beam.AutomaticScan.Set_Nominal_Displacement_B2_sepPlane,7.0080561944720232E-002
13-10-2017 01:36:03.22300000,LHC:LHCCOM/LHC.LHC.Beam.AutomaticScan.Set_Nominal_Displacement_B1_sepPlane,-7.0080561944720232E-002
13-10-2017 01:36:03.22300000,LHC:LHCCOM/LHC.LHC.Beam.AutomaticScan.Nominal_Separation,-1.4016112388944046E-001
13-10-2017 01:36:03.22300000,LHC:LHCCOM/LHC.LHC.Beam.AutomaticScan.LumiScan_Status,IDLE
13-10-2017 01:36:04.22800000,LHC:LHCCOM/LHC.LHC.Beam.AutomaticScan.LumiScan_Status,ACQUIRING
13-10-2017 01:36:04.22800000,LHC:LHCCOM/LHC.LHC.Beam.AutomaticScan.Step,6.0E+000
13-10-2017 01:36:04.22800000,LHC:LHCCOM/LHC.LHC.Beam.AutomaticScan.Acquisition_Flag,1.0E+000
13-10-2017 01:36:14.25700000,LHC:LHCCOM/LHC.LHC.Beam.AutomaticScan.LumiScan_Status,TRIMMING
13-10-2017 01:36:14.25700000,LHC:LHCCOM/LHC.LHC.Beam.AutomaticScan.Step,7.0E+000
13-10-2017 01:36:14.25700000,LHC:LHCCOM/LHC.LHC.Beam.AutomaticScan.Acquisition_Flag,0
13-10-2017 01:36:18.77800000,LHC:LHCCOM/LHC.LHC.Beam.AutomaticScan.Set_Nominal_Displacement_B2_sepPlane,6.2293832839751317E-002
13-10-2017 01:36:18.77800000,LHC:LHCCOM/LHC.LHC.Beam.AutomaticScan.Set_Nominal_Displacement_B1_sepPlane,-6.2293832839751317E-002
13-10-2017 01:36:18.77800000,LHC:LHCCOM/LHC.LHC.Beam.AutomaticScan.Nominal_Separation,-1.2458766567950263E-001
13-10-2017 01:36:18.77800000,LHC:LHCCOM/LHC.LHC.Beam.AutomaticScan.LumiScan_Status,IDLE
13-10-2017 01:36:18.77800000,LHC:LHCCOM/LHC.LHC.Beam.AutomaticScan.Step,9.999E+003
13-10-2017 01:36:19.78300000,LHC:LHCCOM/LHC.LHC.Beam.AutomaticScan.Step,8.0E+000
13-10-2017 01:36:19.78300000,LHC:LHCCOM/LHC.LHC.Beam.AutomaticScan.LumiScan_Status,ACQUIRING
13-10-2017 01:36:19.78300000,LHC:LHCCOM/LHC.LHC.Beam.AutomaticScan.Acquisition_Flag,1.0E+000
13-10-2017 01:36:29.81200000,LHC:LHCCOM/LHC.LHC.Beam.AutomaticScan.Step,9.0E+000
13-10-2017 01:36:29.81200000,LHC:LHCCOM/LHC.LHC.Beam.AutomaticScan.LumiScan_Status,TRIMMING
13-10-2017 01:36:29.81200000,LHC:LHCCOM/LHC.LHC.Beam.AutomaticScan.Acquisition_Flag,0
13-10-2017 01:36:34.35600000,LHC:LHCCOM/LHC.LHC.Beam.AutomaticScan.Step,9.999E+003
13-10-2017 01:36:34.35600000,LHC:LHCCOM/LHC.LHC.Beam.AutomaticScan.Set_Nominal_Displacement_B1_sepPlane,-5.4507103734782403E-002
13-10-2017 01:36:34.35600000,LHC:LHCCOM/LHC.LHC.Beam.AutomaticScan.Nominal_Separation,-1.0901420746956481E-001
13-10-2017 01:36:34.35600000,LHC:LHCCOM/LHC.LHC.Beam.AutomaticScan.Set_Nominal_Displacement_B2_sepPlane,5.4507103734782403E-002
13-10-2017 01:36:34.35600000,LHC:LHCCOM/LHC.LHC.Beam.AutomaticScan.LumiScan_Status,IDLE
13-10-2017 01:36:35.36000000,LHC:LHCCOM/LHC.LHC.Beam.AutomaticScan.Step,1.0E+001
13-10-2017 01:36:35.36000000,LHC:LHCCOM/LHC.LHC.Beam.AutomaticScan.LumiScan_Status,ACQUIRING
13-10-2017 01:36:35.36000000,LHC:LHCCOM/LHC.LHC.Beam.AutomaticScan.Acquisition_Flag,1.0E+000
13-10-2017 01:36:45.38900000,LHC:LHCCOM/LHC.LHC.Beam.AutomaticScan.LumiScan_Status,TRIMMING
13-10-2017 01:36:45.38900000,LHC:LHCCOM/LHC.LHC.Beam.AutomaticScan.Step,1.1E+001
13-10-2017 01:36:45.38900000,LHC:LHCCOM/LHC.LHC.Beam.AutomaticScan.Acquisition_Flag,0
13-10-2017 01:36:49.61100000,LHC:LHCCOM/LHC.LHC.Beam.AutomaticScan.Set_Nominal_Displacement_B1_sepPlane,-4.6720374629813488E-002
13-10-2017 01:36:49.61100000,LHC:LHCCOM/LHC.LHC.Beam.AutomaticScan.LumiScan_Status,IDLE
13-10-2017 01:36:49.61100000,LHC:LHCCOM/LHC.LHC.Beam.AutomaticScan.Step,9.999E+003
13-10-2017 01:36:49.61100000,LHC:LHCCOM/LHC.LHC.Beam.AutomaticScan.Set_Nominal_Displacement_B2_sepPlane,4.6720374629813488E-002
13-10-2017 01:36:49.61100000,LHC:LHCCOM/LHC.LHC.Beam.AutomaticScan.Nominal_Separation,-9.3440749259626976E-002
13-10-2017 01:36:50.61600000,LHC:LHCCOM/LHC.LHC.Beam.AutomaticScan.Acquisition_Flag,1.0E+000
13-10-2017 01:36:50.61600000,LHC:LHCCOM/LHC.LHC.Beam.AutomaticScan.LumiScan_Status,ACQUIRING
13-10-2017 01:36:50.61600000,LHC:LHCCOM/LHC.LHC.Beam.AutomaticScan.Step,1.2E+001
13-10-2017 01:37:00.64400000,LHC:LHCCOM/LHC.LHC.Beam.AutomaticScan.LumiScan_Status,TRIMMING
13-10-2017 01:37:00.64400000,LHC:LHCCOM/LHC.LHC.Beam.AutomaticScan.Acquisition_Flag,0
13-10-2017 01:37:00.64400000,LHC:LHCCOM/LHC.LHC.Beam.AutomaticScan.Step,1.3E+001
13-10-2017 01:37:05.16600000,LHC:LHCCOM/LHC.LHC.Beam.AutomaticScan.Set_Nominal_Displacement_B1_sepPlane,-3.8933645524844573E-002
13-10-2017 01:37:05.16600000,LHC:LHCCOM/LHC.LHC.Beam.AutomaticScan.Nominal_Separation,-7.7867291049689147E-002
13-10-2017 01:37:05.16600000,LHC:LHCCOM/LHC.LHC.Beam.AutomaticScan.Step,9.999E+003
13-10-2017 01:37:05.16600000,LHC:LHCCOM/LHC.LHC.Beam.AutomaticScan.Set_Nominal_Displacement_B2_sepPlane,3.8933645524844573E-002
13-10-2017 01:37:05.16600000,LHC:LHCCOM/LHC.LHC.Beam.AutomaticScan.LumiScan_Status,IDLE
13-10-2017 01:37:06.17100000,LHC:LHCCOM/LHC.LHC.Beam.AutomaticScan.Acquisition_Flag,1.0E+000
13-10-2017 01:37:06.17100000,LHC:LHCCOM/LHC.LHC.Beam.AutomaticScan.LumiScan_Status,ACQUIRING
13-10-2017 01:37:06.17100000,LHC:LHCCOM/LHC.LHC.Beam.AutomaticScan.Step,1.4E+001
13-10-2017 01:37:16.20000000,LHC:LHCCOM/LHC.LHC.Beam.AutomaticScan.LumiScan_Status,TRIMMING
13-10-2017 01:37:16.20000000,LHC:LHCCOM/LHC.LHC.Beam.AutomaticScan.Acquisition_Flag,0
13-10-2017 01:37:16.20000000,LHC:LHCCOM/LHC.LHC.Beam.AutomaticScan.Step,1.5E+001
13-10-2017 01:37:20.72200000,LHC:LHCCOM/LHC.LHC.Beam.AutomaticScan.Set_Nominal_Displacement_B2_sepPlane,3.1146916419875659E-002
13-10-2017 01:37:20.72200000,LHC:LHCCOM/LHC.LHC.Beam.AutomaticScan.LumiScan_Status,IDLE
13-10-2017 01:37:20.72200000,LHC:LHCCOM/LHC.LHC.Beam.AutomaticScan.Set_Nominal_Displacement_B1_sepPlane,-3.1146916419875659E-002
13-10-2017 01:37:20.72200000,LHC:LHCCOM/LHC.LHC.Beam.AutomaticScan.Nominal_Separation,-6.2293832839751317E-002
13-10-2017 01:37:20.72200000,LHC:LHCCOM/LHC.LHC.Beam.AutomaticScan.Step,9.999E+003
13-10-2017 01:37:21.72700000,LHC:LHCCOM/LHC.LHC.Beam.AutomaticScan.LumiScan_Status,ACQUIRING
13-10-2017 01:37:21.72700000,LHC:LHCCOM/LHC.LHC.Beam.AutomaticScan.Acquisition_Flag,1.0E+000
13-10-2017 01:37:21.72700000,LHC:LHCCOM/LHC.LHC.Beam.AutomaticScan.Step,1.6E+001
13-10-2017 01:37:32.42200000,LHC:LHCCOM/LHC.LHC.Beam.AutomaticScan.LumiScan_Status,TRIMMING
13-10-2017 01:37:32.42200000,LHC:LHCCOM/LHC.LHC.Beam.AutomaticScan.Acquisition_Flag,0
13-10-2017 01:37:32.42200000,LHC:LHCCOM/LHC.LHC.Beam.AutomaticScan.Step,1.7E+001
13-10-2017 01:37:36.94400000,LHC:LHCCOM/LHC.LHC.Beam.AutomaticScan.Set_Nominal_Displacement_B1_sepPlane,-2.3360187314906744E-002
13-10-2017 01:37:36.94400000,LHC:LHCCOM/LHC.LHC.Beam.AutomaticScan.Set_Nominal_Displacement_B2_sepPlane,2.3360187314906744E-002
13-10-2017 01:37:36.94400000,LHC:LHCCOM/LHC.LHC.Beam.AutomaticScan.Step,9.999E+003
13-10-2017 01:37:36.94400000,LHC:LHCCOM/LHC.LHC.Beam.AutomaticScan.LumiScan_Status,IDLE
13-10-2017 01:37:36.94400000,LHC:LHCCOM/LHC.LHC.Beam.AutomaticScan.Nominal_Separation,-4.6720374629813488E-002
13-10-2017 01:37:37.94900000,LHC:LHCCOM/LHC.LHC.Beam.AutomaticScan.LumiScan_Status,ACQUIRING
13-10-2017 01:37:37.94900000,LHC:LHCCOM/LHC.LHC.Beam.AutomaticScan.Step,1.8E+001
13-10-2017 01:37:37.94900000,LHC:LHCCOM/LHC.LHC.Beam.AutomaticScan.Acquisition_Flag,1.0E+000
13-10-2017 01:37:47.97800000,LHC:LHCCOM/LHC.LHC.Beam.AutomaticScan.Step,1.9E+001
13-10-2017 01:37:47.97800000,LHC:LHCCOM/LHC.LHC.Beam.AutomaticScan.LumiScan_Status,TRIMMING
13-10-2017 01:37:47.97800000,LHC:LHCCOM/LHC.LHC.Beam.AutomaticScan.Acquisition_Flag,0
13-10-2017 01:37:52.50000000,LHC:LHCCOM/LHC.LHC.Beam.AutomaticScan.Set_Nominal_Displacement_B1_sepPlane,-1.5573458209937829E-002
13-10-2017 01:37:52.50000000,LHC:LHCCOM/LHC.LHC.Beam.AutomaticScan.Set_Nominal_Displacement_B2_sepPlane,1.5573458209937829E-002
13-10-2017 01:37:52.50000000,LHC:LHCCOM/LHC.LHC.Beam.AutomaticScan.Step,9.999E+003
13-10-2017 01:37:52.50000000,LHC:LHCCOM/LHC.LHC.Beam.AutomaticScan.LumiScan_Status,IDLE
13-10-2017 01:37:52.50000000,LHC:LHCCOM/LHC.LHC.Beam.AutomaticScan.Nominal_Separation,-3.1146916419875659E-002
13-10-2017 01:37:53.50500000,LHC:LHCCOM/LHC.LHC.Beam.AutomaticScan.Acquisition_Flag,1.0E+000
13-10-2017 01:37:53.50500000,LHC:LHCCOM/LHC.LHC.Beam.AutomaticScan.Step,2.0E+001
13-10-2017 01:37:53.50500000,LHC:LHCCOM/LHC.LHC.Beam.AutomaticScan.LumiScan_Status,ACQUIRING
13-10-2017 01:38:03.53500000,LHC:LHCCOM/LHC.LHC.Beam.AutomaticScan.Acquisition_Flag,0
13-10-2017 01:38:03.53500000,LHC:LHCCOM/LHC.LHC.Beam.AutomaticScan.Step,2.1E+001
13-10-2017 01:38:03.53500000,LHC:LHCCOM/LHC.LHC.Beam.AutomaticScan.LumiScan_Status,TRIMMING
13-10-2017 01:38:08.05600000,LHC:LHCCOM/LHC.LHC.Beam.AutomaticScan.LumiScan_Status,IDLE
13-10-2017 01:38:08.05600000,LHC:LHCCOM/LHC.LHC.Beam.AutomaticScan.Step,9.999E+003
13-10-2017 01:38:08.05600000,LHC:LHCCOM/LHC.LHC.Beam.AutomaticScan.Set_Nominal_Displacement_B1_sepPlane,-7.7867291049689147E-003
13-10-2017 01:38:08.05600000,LHC:LHCCOM/LHC.LHC.Beam.AutomaticScan.Set_Nominal_Displacement_B2_sepPlane,7.7867291049689147E-003
13-10-2017 01:38:08.05600000,LHC:LHCCOM/LHC.LHC.Beam.AutomaticScan.Nominal_Separation,-1.5573458209937829E-002
13-10-2017 01:38:09.06100000,LHC:LHCCOM/LHC.LHC.Beam.AutomaticScan.Step,2.2E+001
13-10-2017 01:38:09.06100000,LHC:LHCCOM/LHC.LHC.Beam.AutomaticScan.LumiScan_Status,ACQUIRING
13-10-2017 01:38:09.06100000,LHC:LHCCOM/LHC.LHC.Beam.AutomaticScan.Acquisition_Flag,1.0E+000
13-10-2017 01:38:19.09100000,LHC:LHCCOM/LHC.LHC.Beam.AutomaticScan.Acquisition_Flag,0
13-10-2017 01:38:19.09100000,LHC:LHCCOM/LHC.LHC.Beam.AutomaticScan.LumiScan_Status,TRIMMING
13-10-2017 01:38:19.09100000,LHC:LHCCOM/LHC.LHC.Beam.AutomaticScan.Step,2.3E+001
13-10-2017 01:38:23.61400000,LHC:LHCCOM/LHC.LHC.Beam.AutomaticScan.LumiScan_Status,IDLE
13-10-2017 01:38:23.61400000,LHC:LHCCOM/LHC.LHC.Beam.AutomaticScan.Set_Nominal_Displacement_B2_sepPlane,0
13-10-2017 01:38:23.61400000,LHC:LHCCOM/LHC.LHC.Beam.AutomaticScan.Step,9.999E+003
13-10-2017 01:38:23.61400000,LHC:LHCCOM/LHC.LHC.Beam.AutomaticScan.Set_Nominal_Displacement_B1_sepPlane,0
13-10-2017 01:38:23.61400000,LHC:LHCCOM/LHC.LHC.Beam.AutomaticScan.Nominal_Separation,0
13-10-2017 01:38:24.61900000,LHC:LHCCOM/LHC.LHC.Beam.AutomaticScan.Acquisition_Flag,1.0E+000
13-10-2017 01:38:24.61900000,LHC:LHCCOM/LHC.LHC.Beam.AutomaticScan.LumiScan_Status,ACQUIRING
13-10-2017 01:38:24.61900000,LHC:LHCCOM/LHC.LHC.Beam.AutomaticScan.Step,2.4E+001
13-10-2017 01:38:54.70100000,LHC:LHCCOM/LHC.LHC.Beam.AutomaticScan.LumiScan_Status,TRIMMING
13-10-2017 01:38:54.70100000,LHC:LHCCOM/LHC.LHC.Beam.AutomaticScan.Step,2.5E+001
13-10-2017 01:38:54.70100000,LHC:LHCCOM/LHC.LHC.Beam.AutomaticScan.Acquisition_Flag,0
13-10-2017 01:38:59.22300000,LHC:LHCCOM/LHC.LHC.Beam.AutomaticScan.LumiScan_Status,IDLE
13-10-2017 01:38:59.22300000,LHC:LHCCOM/LHC.LHC.Beam.AutomaticScan.Nominal_Separation,1.5573458209937829E-002
13-10-2017 01:38:59.22300000,LHC:LHCCOM/LHC.LHC.Beam.AutomaticScan.Set_Nominal_Displacement_B1_sepPlane,7.7867291049689147E-003
13-10-2017 01:38:59.22300000,LHC:LHCCOM/LHC.LHC.Beam.AutomaticScan.Set_Nominal_Displacement_B2_sepPlane,-7.7867291049689147E-003
13-10-2017 01:38:59.22300000,LHC:LHCCOM/LHC.LHC.Beam.AutomaticScan.Step,9.999E+003
13-10-2017 01:39:00.22700000,LHC:LHCCOM/LHC.LHC.Beam.AutomaticScan.LumiScan_Status,ACQUIRING
13-10-2017 01:39:00.22700000,LHC:LHCCOM/LHC.LHC.Beam.AutomaticScan.Step,2.6E+001
13-10-2017 01:39:00.22700000,LHC:LHCCOM/LHC.LHC.Beam.AutomaticScan.Acquisition_Flag,1.0E+000
13-10-2017 01:39:10.25600000,LHC:LHCCOM/LHC.LHC.Beam.AutomaticScan.Acquisition_Flag,0
13-10-2017 01:39:10.25600000,LHC:LHCCOM/LHC.LHC.Beam.AutomaticScan.LumiScan_Status,TRIMMING
13-10-2017 01:39:10.25600000,LHC:LHCCOM/LHC.LHC.Beam.AutomaticScan.Step,2.7E+001
13-10-2017 01:39:14.77800000,LHC:LHCCOM/LHC.LHC.Beam.AutomaticScan.Set_Nominal_Displacement_B1_sepPlane,1.5573458209937829E-002
13-10-2017 01:39:14.77800000,LHC:LHCCOM/LHC.LHC.Beam.AutomaticScan.Set_Nominal_Displacement_B2_sepPlane,-1.5573458209937829E-002
13-10-2017 01:39:14.77800000,LHC:LHCCOM/LHC.LHC.Beam.AutomaticScan.Nominal_Separation,3.1146916419875659E-002
13-10-2017 01:39:14.77800000,LHC:LHCCOM/LHC.LHC.Beam.AutomaticScan.LumiScan_Status,IDLE
13-10-2017 01:39:14.77800000,LHC:LHCCOM/LHC.LHC.Beam.AutomaticScan.Step,9.999E+003
13-10-2017 01:39:15.78200000,LHC:LHCCOM/LHC.LHC.Beam.AutomaticScan.Acquisition_Flag,1.0E+000
13-10-2017 01:39:15.78200000,LHC:LHCCOM/LHC.LHC.Beam.AutomaticScan.LumiScan_Status,ACQUIRING
13-10-2017 01:39:15.78200000,LHC:LHCCOM/LHC.LHC.Beam.AutomaticScan.Step,2.8E+001
13-10-2017 01:39:25.81100000,LHC:LHCCOM/LHC.LHC.Beam.AutomaticScan.Step,2.9E+001
13-10-2017 01:39:25.81100000,LHC:LHCCOM/LHC.LHC.Beam.AutomaticScan.LumiScan_Status,TRIMMING
13-10-2017 01:39:25.81100000,LHC:LHCCOM/LHC.LHC.Beam.AutomaticScan.Acquisition_Flag,0
13-10-2017 01:39:30.33100000,LHC:LHCCOM/LHC.LHC.Beam.AutomaticScan.Step,9.999E+003
13-10-2017 01:39:30.33100000,LHC:LHCCOM/LHC.LHC.Beam.AutomaticScan.LumiScan_Status,IDLE
13-10-2017 01:39:30.33100000,LHC:LHCCOM/LHC.LHC.Beam.AutomaticScan.Nominal_Separation,4.6720374629813488E-002
13-10-2017 01:39:30.33100000,LHC:LHCCOM/LHC.LHC.Beam.AutomaticScan.Set_Nominal_Displacement_B1_sepPlane,2.3360187314906744E-002
13-10-2017 01:39:30.33100000,LHC:LHCCOM/LHC.LHC.Beam.AutomaticScan.Set_Nominal_Displacement_B2_sepPlane,-2.3360187314906744E-002
13-10-2017 01:39:31.33600000,LHC:LHCCOM/LHC.LHC.Beam.AutomaticScan.LumiScan_Status,ACQUIRING
13-10-2017 01:39:31.33600000,LHC:LHCCOM/LHC.LHC.Beam.AutomaticScan.Step,3.0E+001
13-10-2017 01:39:31.33600000,LHC:LHCCOM/LHC.LHC.Beam.AutomaticScan.Acquisition_Flag,1.0E+000
13-10-2017 01:39:41.36400000,LHC:LHCCOM/LHC.LHC.Beam.AutomaticScan.Step,3.1E+001
13-10-2017 01:39:41.36400000,LHC:LHCCOM/LHC.LHC.Beam.AutomaticScan.LumiScan_Status,TRIMMING
13-10-2017 01:39:41.36400000,LHC:LHCCOM/LHC.LHC.Beam.AutomaticScan.Acquisition_Flag,0
13-10-2017 01:39:45.88600000,LHC:LHCCOM/LHC.LHC.Beam.AutomaticScan.Step,9.999E+003
13-10-2017 01:39:45.88600000,LHC:LHCCOM/LHC.LHC.Beam.AutomaticScan.Set_Nominal_Displacement_B1_sepPlane,3.1146916419875659E-002
13-10-2017 01:39:45.88600000,LHC:LHCCOM/LHC.LHC.Beam.AutomaticScan.Set_Nominal_Displacement_B2_sepPlane,-3.1146916419875659E-002
13-10-2017 01:39:45.88600000,LHC:LHCCOM/LHC.LHC.Beam.AutomaticScan.Nominal_Separation,6.2293832839751317E-002
13-10-2017 01:39:45.88600000,LHC:LHCCOM/LHC.LHC.Beam.AutomaticScan.LumiScan_Status,IDLE
13-10-2017 01:39:46.89100000,LHC:LHCCOM/LHC.LHC.Beam.AutomaticScan.Step,3.2E+001
13-10-2017 01:39:46.89100000,LHC:LHCCOM/LHC.LHC.Beam.AutomaticScan.LumiScan_Status,ACQUIRING
13-10-2017 01:39:46.89100000,LHC:LHCCOM/LHC.LHC.Beam.AutomaticScan.Acquisition_Flag,1.0E+000
13-10-2017 01:39:56.91900000,LHC:LHCCOM/LHC.LHC.Beam.AutomaticScan.Acquisition_Flag,0
13-10-2017 01:39:56.91900000,LHC:LHCCOM/LHC.LHC.Beam.AutomaticScan.Step,3.3E+001
13-10-2017 01:39:56.91900000,LHC:LHCCOM/LHC.LHC.Beam.AutomaticScan.LumiScan_Status,TRIMMING
13-10-2017 01:40:01.14400000,LHC:LHCCOM/LHC.LHC.Beam.AutomaticScan.Set_Nominal_Displacement_B2_sepPlane,-3.8933645524844573E-002
13-10-2017 01:40:01.14400000,LHC:LHCCOM/LHC.LHC.Beam.AutomaticScan.Step,9.999E+003
13-10-2017 01:40:01.14400000,LHC:LHCCOM/LHC.LHC.Beam.AutomaticScan.Nominal_Separation,7.7867291049689147E-002
13-10-2017 01:40:01.14400000,LHC:LHCCOM/LHC.LHC.Beam.AutomaticScan.LumiScan_Status,IDLE
13-10-2017 01:40:01.14400000,LHC:LHCCOM/LHC.LHC.Beam.AutomaticScan.Set_Nominal_Displacement_B1_sepPlane,3.8933645524844573E-002
13-10-2017 01:40:02.14900000,LHC:LHCCOM/LHC.LHC.Beam.AutomaticScan.Step,3.4E+001
13-10-2017 01:40:02.14900000,LHC:LHCCOM/LHC.LHC.Beam.AutomaticScan.LumiScan_Status,ACQUIRING
13-10-2017 01:40:02.14900000,LHC:LHCCOM/LHC.LHC.Beam.AutomaticScan.Acquisition_Flag,1.0E+000
13-10-2017 01:40:12.17800000,LHC:LHCCOM/LHC.LHC.Beam.AutomaticScan.Acquisition_Flag,0
13-10-2017 01:40:12.17800000,LHC:LHCCOM/LHC.LHC.Beam.AutomaticScan.Step,3.5E+001
13-10-2017 01:40:12.17800000,LHC:LHCCOM/LHC.LHC.Beam.AutomaticScan.LumiScan_Status,TRIMMING
13-10-2017 01:40:16.70200000,LHC:LHCCOM/LHC.LHC.Beam.AutomaticScan.Nominal_Separation,9.3440749259626976E-002
13-10-2017 01:40:16.70200000,LHC:LHCCOM/LHC.LHC.Beam.AutomaticScan.LumiScan_Status,IDLE
13-10-2017 01:40:16.70200000,LHC:LHCCOM/LHC.LHC.Beam.AutomaticScan.Set_Nominal_Displacement_B1_sepPlane,4.6720374629813488E-002
13-10-2017 01:40:16.70200000,LHC:LHCCOM/LHC.LHC.Beam.AutomaticScan.Set_Nominal_Displacement_B2_sepPlane,-4.6720374629813488E-002
13-10-2017 01:40:16.70200000,LHC:LHCCOM/LHC.LHC.Beam.AutomaticScan.Step,9.999E+003
13-10-2017 01:40:17.70600000,LHC:LHCCOM/LHC.LHC.Beam.AutomaticScan.Acquisition_Flag,1.0E+000
13-10-2017 01:40:17.70600000,LHC:LHCCOM/LHC.LHC.Beam.AutomaticScan.LumiScan_Status,ACQUIRING
13-10-2017 01:40:17.70600000,LHC:LHCCOM/LHC.LHC.Beam.AutomaticScan.Step,3.6E+001
13-10-2017 01:40:27.73500000,LHC:LHCCOM/LHC.LHC.Beam.AutomaticScan.LumiScan_Status,TRIMMING
13-10-2017 01:40:27.73500000,LHC:LHCCOM/LHC.LHC.Beam.AutomaticScan.Step,3.7E+001
13-10-2017 01:40:27.73500000,LHC:LHCCOM/LHC.LHC.Beam.AutomaticScan.Acquisition_Flag,0
13-10-2017 01:40:32.25700000,LHC:LHCCOM/LHC.LHC.Beam.AutomaticScan.Step,9.999E+003
13-10-2017 01:40:32.25700000,LHC:LHCCOM/LHC.LHC.Beam.AutomaticScan.Set_Nominal_Displacement_B1_sepPlane,5.4507103734782403E-002
13-10-2017 01:40:32.25700000,LHC:LHCCOM/LHC.LHC.Beam.AutomaticScan.LumiScan_Status,IDLE
13-10-2017 01:40:32.25700000,LHC:LHCCOM/LHC.LHC.Beam.AutomaticScan.Set_Nominal_Displacement_B2_sepPlane,-5.4507103734782403E-002
13-10-2017 01:40:32.25700000,LHC:LHCCOM/LHC.LHC.Beam.AutomaticScan.Nominal_Separation,1.0901420746956481E-001
13-10-2017 01:40:33.26200000,LHC:LHCCOM/LHC.LHC.Beam.AutomaticScan.Step,3.8E+001
13-10-2017 01:40:33.26200000,LHC:LHCCOM/LHC.LHC.Beam.AutomaticScan.LumiScan_Status,ACQUIRING
13-10-2017 01:40:33.26200000,LHC:LHCCOM/LHC.LHC.Beam.AutomaticScan.Acquisition_Flag,1.0E+000
13-10-2017 01:40:43.29100000,LHC:LHCCOM/LHC.LHC.Beam.AutomaticScan.Step,3.9E+001
13-10-2017 01:40:43.29100000,LHC:LHCCOM/LHC.LHC.Beam.AutomaticScan.LumiScan_Status,TRIMMING
13-10-2017 01:40:43.29100000,LHC:LHCCOM/LHC.LHC.Beam.AutomaticScan.Acquisition_Flag,0
13-10-2017 01:40:47.81400000,LHC:LHCCOM/LHC.LHC.Beam.AutomaticScan.Nominal_Separation,1.2458766567950263E-001
13-10-2017 01:40:47.81400000,LHC:LHCCOM/LHC.LHC.Beam.AutomaticScan.Step,9.999E+003
13-10-2017 01:40:47.81400000,LHC:LHCCOM/LHC.LHC.Beam.AutomaticScan.LumiScan_Status,IDLE
13-10-2017 01:40:47.81400000,LHC:LHCCOM/LHC.LHC.Beam.AutomaticScan.Set_Nominal_Displacement_B1_sepPlane,6.2293832839751317E-002
13-10-2017 01:40:47.81400000,LHC:LHCCOM/LHC.LHC.Beam.AutomaticScan.Set_Nominal_Displacement_B2_sepPlane,-6.2293832839751317E-002
13-10-2017 01:40:48.81800000,LHC:LHCCOM/LHC.LHC.Beam.AutomaticScan.Acquisition_Flag,1.0E+000
13-10-2017 01:40:48.81800000,LHC:LHCCOM/LHC.LHC.Beam.AutomaticScan.LumiScan_Status,ACQUIRING
13-10-2017 01:40:48.81800000,LHC:LHCCOM/LHC.LHC.Beam.AutomaticScan.Step,4.0E+001
13-10-2017 01:40:58.84700000,LHC:LHCCOM/LHC.LHC.Beam.AutomaticScan.LumiScan_Status,TRIMMING
13-10-2017 01:40:58.84700000,LHC:LHCCOM/LHC.LHC.Beam.AutomaticScan.Step,4.1E+001
13-10-2017 01:40:58.84700000,LHC:LHCCOM/LHC.LHC.Beam.AutomaticScan.Acquisition_Flag,0
13-10-2017 01:41:03.36900000,LHC:LHCCOM/LHC.LHC.Beam.AutomaticScan.Set_Nominal_Displacement_B2_sepPlane,-7.0080561944720232E-002
13-10-2017 01:41:03.36900000,LHC:LHCCOM/LHC.LHC.Beam.AutomaticScan.LumiScan_Status,IDLE
13-10-2017 01:41:03.36900000,LHC:LHCCOM/LHC.LHC.Beam.AutomaticScan.Step,9.999E+003
13-10-2017 01:41:03.36900000,LHC:LHCCOM/LHC.LHC.Beam.AutomaticScan.Set_Nominal_Displacement_B1_sepPlane,7.0080561944720232E-002
13-10-2017 01:41:03.36900000,LHC:LHCCOM/LHC.LHC.Beam.AutomaticScan.Nominal_Separation,1.4016112388944046E-001
13-10-2017 01:41:04.37500000,LHC:LHCCOM/LHC.LHC.Beam.AutomaticScan.Acquisition_Flag,1.0E+000
13-10-2017 01:41:04.37500000,LHC:LHCCOM/LHC.LHC.Beam.AutomaticScan.LumiScan_Status,ACQUIRING
13-10-2017 01:41:04.37500000,LHC:LHCCOM/LHC.LHC.Beam.AutomaticScan.Step,4.2E+001
13-10-2017 01:41:14.44700000,LHC:LHCCOM/LHC.LHC.Beam.AutomaticScan.Step,4.3E+001
13-10-2017 01:41:14.44700000,LHC:LHCCOM/LHC.LHC.Beam.AutomaticScan.LumiScan_Status,TRIMMING
13-10-2017 01:41:14.44700000,LHC:LHCCOM/LHC.LHC.Beam.AutomaticScan.Acquisition_Flag,0
13-10-2017 01:41:18.96900000,LHC:LHCCOM/LHC.LHC.Beam.AutomaticScan.Step,9.999E+003
13-10-2017 01:41:18.96900000,LHC:LHCCOM/LHC.LHC.Beam.AutomaticScan.LumiScan_Status,IDLE
13-10-2017 01:41:18.96900000,LHC:LHCCOM/LHC.LHC.Beam.AutomaticScan.Nominal_Separation,1.5573458209937829E-001
13-10-2017 01:41:18.96900000,LHC:LHCCOM/LHC.LHC.Beam.AutomaticScan.Set_Nominal_Displacement_B1_sepPlane,7.7867291049689147E-002
13-10-2017 01:41:18.96900000,LHC:LHCCOM/LHC.LHC.Beam.AutomaticScan.Set_Nominal_Displacement_B2_sepPlane,-7.7867291049689147E-002
13-10-2017 01:41:19.97400000,LHC:LHCCOM/LHC.LHC.Beam.AutomaticScan.Step,4.4E+001
13-10-2017 01:41:19.97400000,LHC:LHCCOM/LHC.LHC.Beam.AutomaticScan.LumiScan_Status,ACQUIRING
13-10-2017 01:41:19.97400000,LHC:LHCCOM/LHC.LHC.Beam.AutomaticScan.Acquisition_Flag,1.0E+000
13-10-2017 01:41:30.02400000,LHC:LHCCOM/LHC.LHC.Beam.AutomaticScan.Step,4.5E+001
13-10-2017 01:41:30.02600000,LHC:LHCCOM/LHC.LHC.Beam.AutomaticScan.Acquisition_Flag,0
13-10-2017 01:41:30.02600000,LHC:LHCCOM/LHC.LHC.Beam.AutomaticScan.LumiScan_Status,TRIMMING
13-10-2017 01:41:30.02600000,LHC:LHCCOM/LHC.LHC.Beam.AutomaticScan.Step,4.6E+001
13-10-2017 01:41:41.74800000,LHC:LHCCOM/LHC.LHC.Beam.AutomaticScan.Set_Nominal_Displacement_B1_sepPlane,0
13-10-2017 01:41:41.74800000,LHC:LHCCOM/LHC.LHC.Beam.AutomaticScan.Set_Nominal_Displacement_B2_sepPlane,0
13-10-2017 01:41:41.74800000,LHC:LHCCOM/LHC.LHC.Beam.AutomaticScan.Nominal_Separation,0
13-10-2017 01:41:41.74800000,LHC:LHCCOM/LHC.LHC.Beam.AutomaticScan.Step,9.999E+003
13-10-2017 01:41:41.74800000,LHC:LHCCOM/LHC.LHC.Beam.AutomaticScan.LumiScan_Status,IDLE
13-10-2017 01:41:42.75300000,LHC:LHCCOM/LHC.LHC.Beam.AutomaticScan.Step,4.7E+001
13-10-2017 01:41:42.75300000,LHC:LHCCOM/LHC.LHC.Beam.AutomaticScan.Acquisition_Flag,1.0E+000
13-10-2017 01:41:42.75300000,LHC:LHCCOM/LHC.LHC.Beam.AutomaticScan.LumiScan_Status,ACQUIRING
13-10-2017 01:42:12.83500000,LHC:LHCCOM/LHC.LHC.Beam.AutomaticScan.Step,4.8E+001
13-10-2017 01:42:42.91700000,LHC:LHCCOM/LHC.LHC.Beam.AutomaticScan.Step,4.9E+001
13-10-2017 01:42:42.91700000,LHC:LHCCOM/LHC.LHC.Beam.AutomaticScan.LumiScan_Status,TRIMMING
13-10-2017 01:42:42.91700000,LHC:LHCCOM/LHC.LHC.Beam.AutomaticScan.Acquisition_Flag,0
13-10-2017 01:42:54.94500000,LHC:LHCCOM/LHC.LHC.Beam.AutomaticScan.LumiScan_Status,IDLE
13-10-2017 01:42:54.94500000,LHC:LHCCOM/LHC.LHC.Beam.AutomaticScan.Set_Nominal_Displacement_B2_xingPlane,7.7867291049689147E-002
13-10-2017 01:42:54.94500000,LHC:LHCCOM/LHC.LHC.Beam.AutomaticScan.Step,9.999E+003
13-10-2017 01:42:54.94500000,LHC:LHCCOM/LHC.LHC.Beam.AutomaticScan.Set_Nominal_Displacement_B1_xingPlane,-7.7867291049689147E-002
13-10-2017 01:42:54.94500000,LHC:LHCCOM/LHC.LHC.Beam.AutomaticScan.Nominal_Separation,-1.5573458209937829E-001
13-10-2017 01:42:55.95200000,LHC:LHCCOM/LHC.LHC.Beam.AutomaticScan.Acquisition_Flag,1.0E+000
13-10-2017 01:42:55.95200000,LHC:LHCCOM/LHC.LHC.Beam.AutomaticScan.Step,5.1E+001
13-10-2017 01:42:55.95200000,LHC:LHCCOM/LHC.LHC.Beam.AutomaticScan.LumiScan_Status,ACQUIRING
13-10-2017 01:43:05.98000000,LHC:LHCCOM/LHC.LHC.Beam.AutomaticScan.Acquisition_Flag,0
13-10-2017 01:43:05.98000000,LHC:LHCCOM/LHC.LHC.Beam.AutomaticScan.LumiScan_Status,TRIMMING
13-10-2017 01:43:05.98000000,LHC:LHCCOM/LHC.LHC.Beam.AutomaticScan.Step,5.2E+001
13-10-2017 01:43:10.50500000,LHC:LHCCOM/LHC.LHC.Beam.AutomaticScan.Set_Nominal_Displacement_B1_xingPlane,-7.0080561944720232E-002
13-10-2017 01:43:10.50500000,LHC:LHCCOM/LHC.LHC.Beam.AutomaticScan.Nominal_Separation,-1.4016112388944046E-001
13-10-2017 01:43:10.50500000,LHC:LHCCOM/LHC.LHC.Beam.AutomaticScan.LumiScan_Status,IDLE
13-10-2017 01:43:10.50500000,LHC:LHCCOM/LHC.LHC.Beam.AutomaticScan.Step,9.999E+003
13-10-2017 01:43:10.50500000,LHC:LHCCOM/LHC.LHC.Beam.AutomaticScan.Set_Nominal_Displacement_B2_xingPlane,7.0080561944720232E-002
13-10-2017 01:43:11.51000000,LHC:LHCCOM/LHC.LHC.Beam.AutomaticScan.Step,5.3E+001
13-10-2017 01:43:11.51000000,LHC:LHCCOM/LHC.LHC.Beam.AutomaticScan.Acquisition_Flag,1.0E+000
13-10-2017 01:43:11.51000000,LHC:LHCCOM/LHC.LHC.Beam.AutomaticScan.LumiScan_Status,ACQUIRING
13-10-2017 01:43:21.53900000,LHC:LHCCOM/LHC.LHC.Beam.AutomaticScan.Step,5.4E+001
13-10-2017 01:43:21.53900000,LHC:LHCCOM/LHC.LHC.Beam.AutomaticScan.Acquisition_Flag,0
13-10-2017 01:43:21.53900000,LHC:LHCCOM/LHC.LHC.Beam.AutomaticScan.LumiScan_Status,TRIMMING
13-10-2017 01:43:26.36300000,LHC:LHCCOM/LHC.LHC.Beam.AutomaticScan.Step,9.999E+003
13-10-2017 01:43:26.36300000,LHC:LHCCOM/LHC.LHC.Beam.AutomaticScan.Set_Nominal_Displacement_B1_xingPlane,-6.2293832839751317E-002
13-10-2017 01:43:26.36300000,LHC:LHCCOM/LHC.LHC.Beam.AutomaticScan.LumiScan_Status,IDLE
13-10-2017 01:43:26.36300000,LHC:LHCCOM/LHC.LHC.Beam.AutomaticScan.Nominal_Separation,-1.2458766567950263E-001
13-10-2017 01:43:26.36300000,LHC:LHCCOM/LHC.LHC.Beam.AutomaticScan.Set_Nominal_Displacement_B2_xingPlane,6.2293832839751317E-002
13-10-2017 01:43:27.36700000,LHC:LHCCOM/LHC.LHC.Beam.AutomaticScan.Step,5.5E+001
13-10-2017 01:43:27.36700000,LHC:LHCCOM/LHC.LHC.Beam.AutomaticScan.Acquisition_Flag,1.0E+000
13-10-2017 01:43:27.36700000,LHC:LHCCOM/LHC.LHC.Beam.AutomaticScan.LumiScan_Status,ACQUIRING
13-10-2017 01:43:37.39700000,LHC:LHCCOM/LHC.LHC.Beam.AutomaticScan.Acquisition_Flag,0
13-10-2017 01:43:37.39700000,LHC:LHCCOM/LHC.LHC.Beam.AutomaticScan.LumiScan_Status,TRIMMING
13-10-2017 01:43:37.39700000,LHC:LHCCOM/LHC.LHC.Beam.AutomaticScan.Step,5.6E+001
13-10-2017 01:43:42.21800000,LHC:LHCCOM/LHC.LHC.Beam.AutomaticScan.Set_Nominal_Displacement_B2_xingPlane,5.4507103734782403E-002
13-10-2017 01:43:42.21800000,LHC:LHCCOM/LHC.LHC.Beam.AutomaticScan.Nominal_Separation,-1.0901420746956481E-001
13-10-2017 01:43:42.21800000,LHC:LHCCOM/LHC.LHC.Beam.AutomaticScan.LumiScan_Status,IDLE
13-10-2017 01:43:42.21800000,LHC:LHCCOM/LHC.LHC.Beam.AutomaticScan.Set_Nominal_Displacement_B1_xingPlane,-5.4507103734782403E-002
13-10-2017 01:43:42.21800000,LHC:LHCCOM/LHC.LHC.Beam.AutomaticScan.Step,9.999E+003
13-10-2017 01:43:43.22300000,LHC:LHCCOM/LHC.LHC.Beam.AutomaticScan.LumiScan_Status,ACQUIRING
13-10-2017 01:43:43.22300000,LHC:LHCCOM/LHC.LHC.Beam.AutomaticScan.Acquisition_Flag,1.0E+000
13-10-2017 01:43:43.22300000,LHC:LHCCOM/LHC.LHC.Beam.AutomaticScan.Step,5.7E+001
13-10-2017 01:43:53.25100000,LHC:LHCCOM/LHC.LHC.Beam.AutomaticScan.Acquisition_Flag,0
13-10-2017 01:43:53.25100000,LHC:LHCCOM/LHC.LHC.Beam.AutomaticScan.LumiScan_Status,TRIMMING
13-10-2017 01:43:53.25100000,LHC:LHCCOM/LHC.LHC.Beam.AutomaticScan.Step,5.8E+001
13-10-2017 01:43:57.77300000,LHC:LHCCOM/LHC.LHC.Beam.AutomaticScan.LumiScan_Status,IDLE
13-10-2017 01:43:57.77300000,LHC:LHCCOM/LHC.LHC.Beam.AutomaticScan.Step,9.999E+003
13-10-2017 01:43:57.77300000,LHC:LHCCOM/LHC.LHC.Beam.AutomaticScan.Nominal_Separation,-9.3440749259626976E-002
13-10-2017 01:43:57.77300000,LHC:LHCCOM/LHC.LHC.Beam.AutomaticScan.Set_Nominal_Displacement_B1_xingPlane,-4.6720374629813488E-002
13-10-2017 01:43:57.77300000,LHC:LHCCOM/LHC.LHC.Beam.AutomaticScan.Set_Nominal_Displacement_B2_xingPlane,4.6720374629813488E-002
13-10-2017 01:43:58.77800000,LHC:LHCCOM/LHC.LHC.Beam.AutomaticScan.LumiScan_Status,ACQUIRING
13-10-2017 01:43:58.77800000,LHC:LHCCOM/LHC.LHC.Beam.AutomaticScan.Acquisition_Flag,1.0E+000
13-10-2017 01:43:58.77800000,LHC:LHCCOM/LHC.LHC.Beam.AutomaticScan.Step,5.9E+001
13-10-2017 01:44:08.80700000,LHC:LHCCOM/LHC.LHC.Beam.AutomaticScan.Acquisition_Flag,0
13-10-2017 01:44:08.80700000,LHC:LHCCOM/LHC.LHC.Beam.AutomaticScan.Step,6.0E+001
13-10-2017 01:44:08.80700000,LHC:LHCCOM/LHC.LHC.Beam.AutomaticScan.LumiScan_Status,TRIMMING
13-10-2017 01:44:13.32800000,LHC:LHCCOM/LHC.LHC.Beam.AutomaticScan.Set_Nominal_Displacement_B2_xingPlane,3.8933645524844573E-002
13-10-2017 01:44:13.32800000,LHC:LHCCOM/LHC.LHC.Beam.AutomaticScan.Set_Nominal_Displacement_B1_xingPlane,-3.8933645524844573E-002
13-10-2017 01:44:13.32800000,LHC:LHCCOM/LHC.LHC.Beam.AutomaticScan.Nominal_Separation,-7.7867291049689147E-002
13-10-2017 01:44:13.32800000,LHC:LHCCOM/LHC.LHC.Beam.AutomaticScan.Step,9.999E+003
13-10-2017 01:44:13.32800000,LHC:LHCCOM/LHC.LHC.Beam.AutomaticScan.LumiScan_Status,IDLE
13-10-2017 01:44:14.33300000,LHC:LHCCOM/LHC.LHC.Beam.AutomaticScan.Step,6.1E+001
13-10-2017 01:44:14.33300000,LHC:LHCCOM/LHC.LHC.Beam.AutomaticScan.LumiScan_Status,ACQUIRING
13-10-2017 01:44:14.33300000,LHC:LHCCOM/LHC.LHC.Beam.AutomaticScan.Acquisition_Flag,1.0E+000
13-10-2017 01:44:24.36100000,LHC:LHCCOM/LHC.LHC.Beam.AutomaticScan.Step,6.2E+001
13-10-2017 01:44:24.36100000,LHC:LHCCOM/LHC.LHC.Beam.AutomaticScan.LumiScan_Status,TRIMMING
13-10-2017 01:44:24.36100000,LHC:LHCCOM/LHC.LHC.Beam.AutomaticScan.Acquisition_Flag,0
13-10-2017 01:44:29.18300000,LHC:LHCCOM/LHC.LHC.Beam.AutomaticScan.Step,9.999E+003
13-10-2017 01:44:29.18300000,LHC:LHCCOM/LHC.LHC.Beam.AutomaticScan.LumiScan_Status,IDLE
13-10-2017 01:44:29.18300000,LHC:LHCCOM/LHC.LHC.Beam.AutomaticScan.Set_Nominal_Displacement_B2_xingPlane,3.1146916419875659E-002
13-10-2017 01:44:29.18300000,LHC:LHCCOM/LHC.LHC.Beam.AutomaticScan.Set_Nominal_Displacement_B1_xingPlane,-3.1146916419875659E-002
13-10-2017 01:44:29.18300000,LHC:LHCCOM/LHC.LHC.Beam.AutomaticScan.Nominal_Separation,-6.2293832839751317E-002
13-10-2017 01:44:30.18800000,LHC:LHCCOM/LHC.LHC.Beam.AutomaticScan.Step,6.3E+001
13-10-2017 01:44:30.18800000,LHC:LHCCOM/LHC.LHC.Beam.AutomaticScan.Acquisition_Flag,1.0E+000
13-10-2017 01:44:30.18800000,LHC:LHCCOM/LHC.LHC.Beam.AutomaticScan.LumiScan_Status,ACQUIRING
13-10-2017 01:44:40.21600000,LHC:LHCCOM/LHC.LHC.Beam.AutomaticScan.Acquisition_Flag,0
13-10-2017 01:44:40.21600000,LHC:LHCCOM/LHC.LHC.Beam.AutomaticScan.Step,6.4E+001
13-10-2017 01:44:40.21600000,LHC:LHCCOM/LHC.LHC.Beam.AutomaticScan.LumiScan_Status,TRIMMING
13-10-2017 01:44:44.73700000,LHC:LHCCOM/LHC.LHC.Beam.AutomaticScan.Nominal_Separation,-4.6720374629813488E-002
13-10-2017 01:44:44.73700000,LHC:LHCCOM/LHC.LHC.Beam.AutomaticScan.Set_Nominal_Displacement_B1_xingPlane,-2.3360187314906744E-002
13-10-2017 01:44:44.73700000,LHC:LHCCOM/LHC.LHC.Beam.AutomaticScan.Step,9.999E+003
13-10-2017 01:44:44.73700000,LHC:LHCCOM/LHC.LHC.Beam.AutomaticScan.LumiScan_Status,IDLE
13-10-2017 01:44:44.73700000,LHC:LHCCOM/LHC.LHC.Beam.AutomaticScan.Set_Nominal_Displacement_B2_xingPlane,2.3360187314906744E-002
13-10-2017 01:44:45.74200000,LHC:LHCCOM/LHC.LHC.Beam.AutomaticScan.Step,6.5E+001
13-10-2017 01:44:45.74200000,LHC:LHCCOM/LHC.LHC.Beam.AutomaticScan.Acquisition_Flag,1.0E+000
13-10-2017 01:44:45.74200000,LHC:LHCCOM/LHC.LHC.Beam.AutomaticScan.LumiScan_Status,ACQUIRING
13-10-2017 01:44:55.77200000,LHC:LHCCOM/LHC.LHC.Beam.AutomaticScan.LumiScan_Status,TRIMMING
13-10-2017 01:44:55.77200000,LHC:LHCCOM/LHC.LHC.Beam.AutomaticScan.Acquisition_Flag,0
13-10-2017 01:44:55.77200000,LHC:LHCCOM/LHC.LHC.Beam.AutomaticScan.Step,6.6E+001
13-10-2017 01:45:00.29300000,LHC:LHCCOM/LHC.LHC.Beam.AutomaticScan.Step,9.999E+003
13-10-2017 01:45:00.29300000,LHC:LHCCOM/LHC.LHC.Beam.AutomaticScan.Set_Nominal_Displacement_B2_xingPlane,1.5573458209937829E-002
13-10-2017 01:45:00.29300000,LHC:LHCCOM/LHC.LHC.Beam.AutomaticScan.Set_Nominal_Displacement_B1_xingPlane,-1.5573458209937829E-002
13-10-2017 01:45:00.29300000,LHC:LHCCOM/LHC.LHC.Beam.AutomaticScan.Nominal_Separation,-3.1146916419875659E-002
13-10-2017 01:45:00.29300000,LHC:LHCCOM/LHC.LHC.Beam.AutomaticScan.LumiScan_Status,IDLE
13-10-2017 01:45:01.29700000,LHC:LHCCOM/LHC.LHC.Beam.AutomaticScan.Step,6.7E+001
13-10-2017 01:45:01.29700000,LHC:LHCCOM/LHC.LHC.Beam.AutomaticScan.Acquisition_Flag,1.0E+000
13-10-2017 01:45:01.29700000,LHC:LHCCOM/LHC.LHC.Beam.AutomaticScan.LumiScan_Status,ACQUIRING
13-10-2017 01:45:11.32600000,LHC:LHCCOM/LHC.LHC.Beam.AutomaticScan.LumiScan_Status,TRIMMING
13-10-2017 01:45:11.32600000,LHC:LHCCOM/LHC.LHC.Beam.AutomaticScan.Acquisition_Flag,0
13-10-2017 01:45:11.32600000,LHC:LHCCOM/LHC.LHC.Beam.AutomaticScan.Step,6.8E+001
13-10-2017 01:45:15.84600000,LHC:LHCCOM/LHC.LHC.Beam.AutomaticScan.Step,9.999E+003
13-10-2017 01:45:15.84600000,LHC:LHCCOM/LHC.LHC.Beam.AutomaticScan.LumiScan_Status,IDLE
13-10-2017 01:45:15.84600000,LHC:LHCCOM/LHC.LHC.Beam.AutomaticScan.Nominal_Separation,-1.5573458209937829E-002
13-10-2017 01:45:15.84600000,LHC:LHCCOM/LHC.LHC.Beam.AutomaticScan.Set_Nominal_Displacement_B2_xingPlane,7.7867291049689147E-003
13-10-2017 01:45:15.84600000,LHC:LHCCOM/LHC.LHC.Beam.AutomaticScan.Set_Nominal_Displacement_B1_xingPlane,-7.7867291049689147E-003
13-10-2017 01:45:16.85100000,LHC:LHCCOM/LHC.LHC.Beam.AutomaticScan.Acquisition_Flag,1.0E+000
13-10-2017 01:45:16.85100000,LHC:LHCCOM/LHC.LHC.Beam.AutomaticScan.Step,6.9E+001
13-10-2017 01:45:16.85100000,LHC:LHCCOM/LHC.LHC.Beam.AutomaticScan.LumiScan_Status,ACQUIRING
13-10-2017 01:45:26.88100000,LHC:LHCCOM/LHC.LHC.Beam.AutomaticScan.Step,7.0E+001
13-10-2017 01:45:26.88100000,LHC:LHCCOM/LHC.LHC.Beam.AutomaticScan.Acquisition_Flag,0
13-10-2017 01:45:26.88100000,LHC:LHCCOM/LHC.LHC.Beam.AutomaticScan.LumiScan_Status,TRIMMING
13-10-2017 01:45:31.70300000,LHC:LHCCOM/LHC.LHC.Beam.AutomaticScan.Set_Nominal_Displacement_B2_xingPlane,0
13-10-2017 01:45:31.70300000,LHC:LHCCOM/LHC.LHC.Beam.AutomaticScan.Step,9.999E+003
13-10-2017 01:45:31.70300000,LHC:LHCCOM/LHC.LHC.Beam.AutomaticScan.LumiScan_Status,IDLE
13-10-2017 01:45:31.70300000,LHC:LHCCOM/LHC.LHC.Beam.AutomaticScan.Set_Nominal_Displacement_B1_xingPlane,0
13-10-2017 01:45:31.70300000,LHC:LHCCOM/LHC.LHC.Beam.AutomaticScan.Nominal_Separation,0
13-10-2017 01:45:32.70800000,LHC:LHCCOM/LHC.LHC.Beam.AutomaticScan.Step,7.1E+001
13-10-2017 01:45:32.70800000,LHC:LHCCOM/LHC.LHC.Beam.AutomaticScan.LumiScan_Status,ACQUIRING
13-10-2017 01:45:32.70800000,LHC:LHCCOM/LHC.LHC.Beam.AutomaticScan.Acquisition_Flag,1.0E+000
13-10-2017 01:46:02.79200000,LHC:LHCCOM/LHC.LHC.Beam.AutomaticScan.Step,7.2E+001
13-10-2017 01:46:02.79200000,LHC:LHCCOM/LHC.LHC.Beam.AutomaticScan.Acquisition_Flag,0
13-10-2017 01:46:02.79200000,LHC:LHCCOM/LHC.LHC.Beam.AutomaticScan.LumiScan_Status,TRIMMING
13-10-2017 01:46:07.31300000,LHC:LHCCOM/LHC.LHC.Beam.AutomaticScan.Set_Nominal_Displacement_B2_xingPlane,-7.7867291049689147E-003
13-10-2017 01:46:07.31300000,LHC:LHCCOM/LHC.LHC.Beam.AutomaticScan.LumiScan_Status,IDLE
13-10-2017 01:46:07.31300000,LHC:LHCCOM/LHC.LHC.Beam.AutomaticScan.Step,9.999E+003
13-10-2017 01:46:07.31300000,LHC:LHCCOM/LHC.LHC.Beam.AutomaticScan.Set_Nominal_Displacement_B1_xingPlane,7.7867291049689147E-003
13-10-2017 01:46:07.31300000,LHC:LHCCOM/LHC.LHC.Beam.AutomaticScan.Nominal_Separation,1.5573458209937829E-002
13-10-2017 01:46:08.31800000,LHC:LHCCOM/LHC.LHC.Beam.AutomaticScan.LumiScan_Status,ACQUIRING
13-10-2017 01:46:08.31800000,LHC:LHCCOM/LHC.LHC.Beam.AutomaticScan.Acquisition_Flag,1.0E+000
13-10-2017 01:46:08.31800000,LHC:LHCCOM/LHC.LHC.Beam.AutomaticScan.Step,7.3E+001
13-10-2017 01:46:18.34800000,LHC:LHCCOM/LHC.LHC.Beam.AutomaticScan.Acquisition_Flag,0
13-10-2017 01:46:18.34800000,LHC:LHCCOM/LHC.LHC.Beam.AutomaticScan.Step,7.4E+001
13-10-2017 01:46:18.34800000,LHC:LHCCOM/LHC.LHC.Beam.AutomaticScan.LumiScan_Status,TRIMMING
13-10-2017 01:46:22.87000000,LHC:LHCCOM/LHC.LHC.Beam.AutomaticScan.Step,9.999E+003
13-10-2017 01:46:22.87000000,LHC:LHCCOM/LHC.LHC.Beam.AutomaticScan.LumiScan_Status,IDLE
13-10-2017 01:46:22.87000000,LHC:LHCCOM/LHC.LHC.Beam.AutomaticScan.Set_Nominal_Displacement_B1_xingPlane,1.5573458209937829E-002
13-10-2017 01:46:22.87000000,LHC:LHCCOM/LHC.LHC.Beam.AutomaticScan.Set_Nominal_Displacement_B2_xingPlane,-1.5573458209937829E-002
13-10-2017 01:46:22.87000000,LHC:LHCCOM/LHC.LHC.Beam.AutomaticScan.Nominal_Separation,3.1146916419875659E-002
13-10-2017 01:46:23.87500000,LHC:LHCCOM/LHC.LHC.Beam.AutomaticScan.Step,7.5E+001
13-10-2017 01:46:23.87500000,LHC:LHCCOM/LHC.LHC.Beam.AutomaticScan.Acquisition_Flag,1.0E+000
13-10-2017 01:46:23.87500000,LHC:LHCCOM/LHC.LHC.Beam.AutomaticScan.LumiScan_Status,ACQUIRING
13-10-2017 01:46:33.90500000,LHC:LHCCOM/LHC.LHC.Beam.AutomaticScan.Step,7.6E+001
13-10-2017 01:46:33.90500000,LHC:LHCCOM/LHC.LHC.Beam.AutomaticScan.LumiScan_Status,TRIMMING
13-10-2017 01:46:33.90500000,LHC:LHCCOM/LHC.LHC.Beam.AutomaticScan.Acquisition_Flag,0
13-10-2017 01:46:38.42900000,LHC:LHCCOM/LHC.LHC.Beam.AutomaticScan.LumiScan_Status,IDLE
13-10-2017 01:46:38.42900000,LHC:LHCCOM/LHC.LHC.Beam.AutomaticScan.Set_Nominal_Displacement_B1_xingPlane,2.3360187314906744E-002
13-10-2017 01:46:38.42900000,LHC:LHCCOM/LHC.LHC.Beam.AutomaticScan.Step,9.999E+003
13-10-2017 01:46:38.42900000,LHC:LHCCOM/LHC.LHC.Beam.AutomaticScan.Nominal_Separation,4.6720374629813488E-002
13-10-2017 01:46:38.42900000,LHC:LHCCOM/LHC.LHC.Beam.AutomaticScan.Set_Nominal_Displacement_B2_xingPlane,-2.3360187314906744E-002
13-10-2017 01:46:39.43400000,LHC:LHCCOM/LHC.LHC.Beam.AutomaticScan.LumiScan_Status,ACQUIRING
13-10-2017 01:46:39.43400000,LHC:LHCCOM/LHC.LHC.Beam.AutomaticScan.Step,7.7E+001
13-10-2017 01:46:39.43400000,LHC:LHCCOM/LHC.LHC.Beam.AutomaticScan.Acquisition_Flag,1.0E+000
13-10-2017 01:46:49.46400000,LHC:LHCCOM/LHC.LHC.Beam.AutomaticScan.LumiScan_Status,TRIMMING
13-10-2017 01:46:49.46400000,LHC:LHCCOM/LHC.LHC.Beam.AutomaticScan.Step,7.8E+001
13-10-2017 01:46:49.46400000,LHC:LHCCOM/LHC.LHC.Beam.AutomaticScan.Acquisition_Flag,0
13-10-2017 01:46:53.98500000,LHC:LHCCOM/LHC.LHC.Beam.AutomaticScan.Nominal_Separation,6.2293832839751317E-002
13-10-2017 01:46:53.98500000,LHC:LHCCOM/LHC.LHC.Beam.AutomaticScan.Step,9.999E+003
13-10-2017 01:46:53.98500000,LHC:LHCCOM/LHC.LHC.Beam.AutomaticScan.LumiScan_Status,IDLE
13-10-2017 01:46:53.98500000,LHC:LHCCOM/LHC.LHC.Beam.AutomaticScan.Set_Nominal_Displacement_B2_xingPlane,-3.1146916419875659E-002
13-10-2017 01:46:53.98500000,LHC:LHCCOM/LHC.LHC.Beam.AutomaticScan.Set_Nominal_Displacement_B1_xingPlane,3.1146916419875659E-002
13-10-2017 01:46:54.99000000,LHC:LHCCOM/LHC.LHC.Beam.AutomaticScan.Acquisition_Flag,1.0E+000
13-10-2017 01:46:54.99000000,LHC:LHCCOM/LHC.LHC.Beam.AutomaticScan.LumiScan_Status,ACQUIRING
13-10-2017 01:46:54.99000000,LHC:LHCCOM/LHC.LHC.Beam.AutomaticScan.Step,7.9E+001
13-10-2017 01:47:05.01900000,LHC:LHCCOM/LHC.LHC.Beam.AutomaticScan.LumiScan_Status,TRIMMING
13-10-2017 01:47:05.01900000,LHC:LHCCOM/LHC.LHC.Beam.AutomaticScan.Step,8.0E+001
13-10-2017 01:47:05.01900000,LHC:LHCCOM/LHC.LHC.Beam.AutomaticScan.Acquisition_Flag,0
13-10-2017 01:47:09.55100000,LHC:LHCCOM/LHC.LHC.Beam.AutomaticScan.LumiScan_Status,IDLE
13-10-2017 01:47:09.55100000,LHC:LHCCOM/LHC.LHC.Beam.AutomaticScan.Set_Nominal_Displacement_B2_xingPlane,-3.8933645524844573E-002
13-10-2017 01:47:09.55100000,LHC:LHCCOM/LHC.LHC.Beam.AutomaticScan.Set_Nominal_Displacement_B1_xingPlane,3.8933645524844573E-002
13-10-2017 01:47:09.55100000,LHC:LHCCOM/LHC.LHC.Beam.AutomaticScan.Nominal_Separation,7.7867291049689147E-002
13-10-2017 01:47:09.55100000,LHC:LHCCOM/LHC.LHC.Beam.AutomaticScan.Step,9.999E+003
13-10-2017 01:47:10.55600000,LHC:LHCCOM/LHC.LHC.Beam.AutomaticScan.LumiScan_Status,ACQUIRING
13-10-2017 01:47:10.55600000,LHC:LHCCOM/LHC.LHC.Beam.AutomaticScan.Step,8.1E+001
13-10-2017 01:47:10.55600000,LHC:LHCCOM/LHC.LHC.Beam.AutomaticScan.Acquisition_Flag,1.0E+000
13-10-2017 01:47:20.58600000,LHC:LHCCOM/LHC.LHC.Beam.AutomaticScan.LumiScan_Status,TRIMMING
13-10-2017 01:47:20.58600000,LHC:LHCCOM/LHC.LHC.Beam.AutomaticScan.Step,8.2E+001
13-10-2017 01:47:20.58600000,LHC:LHCCOM/LHC.LHC.Beam.AutomaticScan.Acquisition_Flag,0
13-10-2017 01:47:25.11000000,LHC:LHCCOM/LHC.LHC.Beam.AutomaticScan.Set_Nominal_Displacement_B1_xingPlane,4.6720374629813488E-002
13-10-2017 01:47:25.11000000,LHC:LHCCOM/LHC.LHC.Beam.AutomaticScan.Step,9.999E+003
13-10-2017 01:47:25.11000000,LHC:LHCCOM/LHC.LHC.Beam.AutomaticScan.Set_Nominal_Displacement_B2_xingPlane,-4.6720374629813488E-002
13-10-2017 01:47:25.11000000,LHC:LHCCOM/LHC.LHC.Beam.AutomaticScan.Nominal_Separation,9.3440749259626976E-002
13-10-2017 01:47:25.11000000,LHC:LHCCOM/LHC.LHC.Beam.AutomaticScan.LumiScan_Status,IDLE
13-10-2017 01:47:26.11500000,LHC:LHCCOM/LHC.LHC.Beam.AutomaticScan.Acquisition_Flag,1.0E+000
13-10-2017 01:47:26.11500000,LHC:LHCCOM/LHC.LHC.Beam.AutomaticScan.Step,8.3E+001
13-10-2017 01:47:26.11500000,LHC:LHCCOM/LHC.LHC.Beam.AutomaticScan.LumiScan_Status,ACQUIRING
13-10-2017 01:47:36.14500000,LHC:LHCCOM/LHC.LHC.Beam.AutomaticScan.LumiScan_Status,TRIMMING
13-10-2017 01:47:36.14500000,LHC:LHCCOM/LHC.LHC.Beam.AutomaticScan.Acquisition_Flag,0
13-10-2017 01:47:36.14500000,LHC:LHCCOM/LHC.LHC.Beam.AutomaticScan.Step,8.4E+001
13-10-2017 01:47:40.66600000,LHC:LHCCOM/LHC.LHC.Beam.AutomaticScan.LumiScan_Status,IDLE
13-10-2017 01:47:40.66600000,LHC:LHCCOM/LHC.LHC.Beam.AutomaticScan.Set_Nominal_Displacement_B1_xingPlane,5.4507103734782403E-002
13-10-2017 01:47:40.66600000,LHC:LHCCOM/LHC.LHC.Beam.AutomaticScan.Nominal_Separation,1.0901420746956481E-001
13-10-2017 01:47:40.66600000,LHC:LHCCOM/LHC.LHC.Beam.AutomaticScan.Set_Nominal_Displacement_B2_xingPlane,-5.4507103734782403E-002
13-10-2017 01:47:40.66600000,LHC:LHCCOM/LHC.LHC.Beam.AutomaticScan.Step,9.999E+003
13-10-2017 01:47:41.67100000,LHC:LHCCOM/LHC.LHC.Beam.AutomaticScan.LumiScan_Status,ACQUIRING
13-10-2017 01:47:41.67100000,LHC:LHCCOM/LHC.LHC.Beam.AutomaticScan.Acquisition_Flag,1.0E+000
13-10-2017 01:47:41.67100000,LHC:LHCCOM/LHC.LHC.Beam.AutomaticScan.Step,8.5E+001
13-10-2017 01:47:51.70000000,LHC:LHCCOM/LHC.LHC.Beam.AutomaticScan.Step,8.6E+001
13-10-2017 01:47:51.70000000,LHC:LHCCOM/LHC.LHC.Beam.AutomaticScan.LumiScan_Status,TRIMMING
13-10-2017 01:47:51.70000000,LHC:LHCCOM/LHC.LHC.Beam.AutomaticScan.Acquisition_Flag,0
13-10-2017 01:47:56.22200000,LHC:LHCCOM/LHC.LHC.Beam.AutomaticScan.Set_Nominal_Displacement_B2_xingPlane,-6.2293832839751317E-002
13-10-2017 01:47:56.22200000,LHC:LHCCOM/LHC.LHC.Beam.AutomaticScan.Nominal_Separation,1.2458766567950263E-001
13-10-2017 01:47:56.22200000,LHC:LHCCOM/LHC.LHC.Beam.AutomaticScan.Set_Nominal_Displacement_B1_xingPlane,6.2293832839751317E-002
13-10-2017 01:47:56.22200000,LHC:LHCCOM/LHC.LHC.Beam.AutomaticScan.Step,9.999E+003
13-10-2017 01:47:56.22200000,LHC:LHCCOM/LHC.LHC.Beam.AutomaticScan.LumiScan_Status,IDLE
13-10-2017 01:47:57.22700000,LHC:LHCCOM/LHC.LHC.Beam.AutomaticScan.Acquisition_Flag,1.0E+000
13-10-2017 01:47:57.22700000,LHC:LHCCOM/LHC.LHC.Beam.AutomaticScan.Step,8.7E+001
13-10-2017 01:47:57.22700000,LHC:LHCCOM/LHC.LHC.Beam.AutomaticScan.LumiScan_Status,ACQUIRING
13-10-2017 01:48:07.25600000,LHC:LHCCOM/LHC.LHC.Beam.AutomaticScan.LumiScan_Status,TRIMMING
13-10-2017 01:48:07.25600000,LHC:LHCCOM/LHC.LHC.Beam.AutomaticScan.Acquisition_Flag,0
13-10-2017 01:48:07.25600000,LHC:LHCCOM/LHC.LHC.Beam.AutomaticScan.Step,8.8E+001
13-10-2017 01:48:11.77800000,LHC:LHCCOM/LHC.LHC.Beam.AutomaticScan.LumiScan_Status,IDLE
13-10-2017 01:48:11.77800000,LHC:LHCCOM/LHC.LHC.Beam.AutomaticScan.Set_Nominal_Displacement_B2_xingPlane,-7.0080561944720232E-002
13-10-2017 01:48:11.77800000,LHC:LHCCOM/LHC.LHC.Beam.AutomaticScan.Set_Nominal_Displacement_B1_xingPlane,7.0080561944720232E-002
13-10-2017 01:48:11.77800000,LHC:LHCCOM/LHC.LHC.Beam.AutomaticScan.Nominal_Separation,1.4016112388944046E-001
13-10-2017 01:48:11.77800000,LHC:LHCCOM/LHC.LHC.Beam.AutomaticScan.Step,9.999E+003
13-10-2017 01:48:12.78200000,LHC:LHCCOM/LHC.LHC.Beam.AutomaticScan.Step,8.9E+001
13-10-2017 01:48:12.78200000,LHC:LHCCOM/LHC.LHC.Beam.AutomaticScan.Acquisition_Flag,1.0E+000
13-10-2017 01:48:12.78200000,LHC:LHCCOM/LHC.LHC.Beam.AutomaticScan.LumiScan_Status,ACQUIRING
13-10-2017 01:48:22.81800000,LHC:LHCCOM/LHC.LHC.Beam.AutomaticScan.Step,9.0E+001
13-10-2017 01:48:22.81800000,LHC:LHCCOM/LHC.LHC.Beam.AutomaticScan.LumiScan_Status,TRIMMING
13-10-2017 01:48:22.81800000,LHC:LHCCOM/LHC.LHC.Beam.AutomaticScan.Acquisition_Flag,0
13-10-2017 01:48:27.33900000,LHC:LHCCOM/LHC.LHC.Beam.AutomaticScan.Nominal_Separation,1.5573458209937829E-001
13-10-2017 01:48:27.33900000,LHC:LHCCOM/LHC.LHC.Beam.AutomaticScan.Set_Nominal_Displacement_B1_xingPlane,7.7867291049689147E-002
13-10-2017 01:48:27.33900000,LHC:LHCCOM/LHC.LHC.Beam.AutomaticScan.Step,9.999E+003
13-10-2017 01:48:27.33900000,LHC:LHCCOM/LHC.LHC.Beam.AutomaticScan.LumiScan_Status,IDLE
13-10-2017 01:48:27.33900000,LHC:LHCCOM/LHC.LHC.Beam.AutomaticScan.Set_Nominal_Displacement_B2_xingPlane,-7.7867291049689147E-002
13-10-2017 01:48:28.34400000,LHC:LHCCOM/LHC.LHC.Beam.AutomaticScan.Step,9.1E+001
13-10-2017 01:48:28.34400000,LHC:LHCCOM/LHC.LHC.Beam.AutomaticScan.Acquisition_Flag,1.0E+000
13-10-2017 01:48:28.34400000,LHC:LHCCOM/LHC.LHC.Beam.AutomaticScan.LumiScan_Status,ACQUIRING
13-10-2017 01:48:38.37600000,LHC:LHCCOM/LHC.LHC.Beam.AutomaticScan.Step,9.2E+001
13-10-2017 01:48:38.37800000,LHC:LHCCOM/LHC.LHC.Beam.AutomaticScan.Acquisition_Flag,0
13-10-2017 01:48:38.37800000,LHC:LHCCOM/LHC.LHC.Beam.AutomaticScan.Step,9.3E+001
13-10-2017 01:48:38.37800000,LHC:LHCCOM/LHC.LHC.Beam.AutomaticScan.LumiScan_Status,TRIMMING
13-10-2017 01:48:50.40000000,LHC:LHCCOM/LHC.LHC.Beam.AutomaticScan.Nominal_Separation,0
13-10-2017 01:48:50.40000000,LHC:LHCCOM/LHC.LHC.Beam.AutomaticScan.Set_Nominal_Displacement_B1_xingPlane,0
13-10-2017 01:48:50.40000000,LHC:LHCCOM/LHC.LHC.Beam.AutomaticScan.Set_Nominal_Displacement_B2_xingPlane,0
13-10-2017 01:48:50.40000000,LHC:LHCCOM/LHC.LHC.Beam.AutomaticScan.Step,9.999E+003
13-10-2017 01:48:50.40000000,LHC:LHCCOM/LHC.LHC.Beam.AutomaticScan.LumiScan_Status,IDLE
13-10-2017 01:48:51.40500000,LHC:LHCCOM/LHC.LHC.Beam.AutomaticScan.LumiScan_Status,ACQUIRING
13-10-2017 01:48:51.40500000,LHC:LHCCOM/LHC.LHC.Beam.AutomaticScan.Step,9.4E+001
13-10-2017 01:48:51.40500000,LHC:LHCCOM/LHC.LHC.Beam.AutomaticScan.Acquisition_Flag,1.0E+000
13-10-2017 01:49:21.49000000,LHC:LHCCOM/LHC.LHC.Beam.AutomaticScan.Acquisition_Flag,0
13-10-2017 01:49:21.49000000,LHC:LHCCOM/LHC.LHC.Beam.AutomaticScan.LumiScan_Status,STANDBY
13-10-2017 01:49:21.49000000,LHC:LHCCOM/LHC.LHC.Beam.AutomaticScan.Step,9.5E+001
13-10-2017 01:49:21.49800000,LHC:LHCCOM/LHC.LHC.Beam.AutomaticScan.Step,9.999E+003
13-10-2017 01:49:21.49800000,LHC:LHCCOM/LHC.LHC.Beam.AutomaticScan.Plane,NONE
13-10-2017 01:49:21.49800000,LHC:LHCCOM/LHC.LHC.Beam.AutomaticScan.IP,0
13-10-2017 01:49:21.49800000,LHC:LHCCOM/LHC.LHC.Beam.AutomaticScan.Beam,0
13-10-2017 01:50:49.88300000,LHC:LHCCOM/LHC.LHC.Beam.AutomaticScan.Beam,3.0E+000
13-10-2017 01:50:49.88300000,LHC:LHCCOM/LHC.LHC.Beam.AutomaticScan.Step,-1.0E+000
13-10-2017 01:50:49.88300000,LHC:LHCCOM/LHC.LHC.Beam.AutomaticScan.Plane,MIXED
13-10-2017 01:50:49.88300000,LHC:LHCCOM/LHC.LHC.Beam.AutomaticScan.IP,2.56E+002
13-10-2017 01:50:49.88500000,LHC:LHCCOM/LHC.LHC.Beam.AutomaticScan.Step,0
13-10-2017 01:50:49.88800000,LHC:LHCCOM/LHC.LHC.Beam.AutomaticScan.LumiScan_Status,ACQUIRING
13-10-2017 01:50:49.88800000,LHC:LHCCOM/LHC.LHC.Beam.AutomaticScan.Acquisition_Flag,1.0E+000
13-10-2017 01:50:49.88800000,LHC:LHCCOM/LHC.LHC.Beam.AutomaticScan.Step,1.0E+000
13-10-2017 01:51:19.97000000,LHC:LHCCOM/LHC.LHC.Beam.AutomaticScan.Acquisition_Flag,0
13-10-2017 01:51:19.97000000,LHC:LHCCOM/LHC.LHC.Beam.AutomaticScan.LumiScan_Status,TRIMMING
13-10-2017 01:51:19.97000000,LHC:LHCCOM/LHC.LHC.Beam.AutomaticScan.Step,2.0E+000
13-10-2017 01:51:28.69300000,LHC:LHCCOM/LHC.LHC.Beam.AutomaticScan.Set_Nominal_Displacement_B1_sepPlane,-3.8933645524844573E-002
13-10-2017 01:51:28.69300000,LHC:LHCCOM/LHC.LHC.Beam.AutomaticScan.Nominal_Separation,-7.7867291049689147E-002
13-10-2017 01:51:28.69300000,LHC:LHCCOM/LHC.LHC.Beam.AutomaticScan.LumiScan_Status,IDLE
13-10-2017 01:51:28.69300000,LHC:LHCCOM/LHC.LHC.Beam.AutomaticScan.Step,9.999E+003
13-10-2017 01:51:28.69300000,LHC:LHCCOM/LHC.LHC.Beam.AutomaticScan.Set_Nominal_Displacement_B2_sepPlane,3.8933645524844573E-002
13-10-2017 01:51:29.70000000,LHC:LHCCOM/LHC.LHC.Beam.AutomaticScan.LumiScan_Status,ACQUIRING
13-10-2017 01:51:29.70000000,LHC:LHCCOM/LHC.LHC.Beam.AutomaticScan.Acquisition_Flag,1.0E+000
13-10-2017 01:51:29.70000000,LHC:LHCCOM/LHC.LHC.Beam.AutomaticScan.Step,4.0E+000
13-10-2017 01:51:39.72900000,LHC:LHCCOM/LHC.LHC.Beam.AutomaticScan.Acquisition_Flag,0
13-10-2017 01:51:39.72900000,LHC:LHCCOM/LHC.LHC.Beam.AutomaticScan.Step,5.0E+000
13-10-2017 01:51:39.72900000,LHC:LHCCOM/LHC.LHC.Beam.AutomaticScan.LumiScan_Status,TRIMMING
13-10-2017 01:51:44.25500000,LHC:LHCCOM/LHC.LHC.Beam.AutomaticScan.Set_Nominal_Displacement_B2_sepPlane,3.1146916419875659E-002
13-10-2017 01:51:44.25500000,LHC:LHCCOM/LHC.LHC.Beam.AutomaticScan.LumiScan_Status,IDLE
13-10-2017 01:51:44.25500000,LHC:LHCCOM/LHC.LHC.Beam.AutomaticScan.Step,9.999E+003
13-10-2017 01:51:44.25500000,LHC:LHCCOM/LHC.LHC.Beam.AutomaticScan.Set_Nominal_Displacement_B1_sepPlane,-3.1146916419875659E-002
13-10-2017 01:51:44.25500000,LHC:LHCCOM/LHC.LHC.Beam.AutomaticScan.Nominal_Separation,-6.2293832839751317E-002
13-10-2017 01:51:45.25900000,LHC:LHCCOM/LHC.LHC.Beam.AutomaticScan.Acquisition_Flag,1.0E+000
13-10-2017 01:51:45.25900000,LHC:LHCCOM/LHC.LHC.Beam.AutomaticScan.Step,6.0E+000
13-10-2017 01:51:45.25900000,LHC:LHCCOM/LHC.LHC.Beam.AutomaticScan.LumiScan_Status,ACQUIRING
13-10-2017 01:51:55.28800000,LHC:LHCCOM/LHC.LHC.Beam.AutomaticScan.Acquisition_Flag,0
13-10-2017 01:51:55.28800000,LHC:LHCCOM/LHC.LHC.Beam.AutomaticScan.Step,7.0E+000
13-10-2017 01:51:55.28800000,LHC:LHCCOM/LHC.LHC.Beam.AutomaticScan.LumiScan_Status,TRIMMING
13-10-2017 01:51:59.80900000,LHC:LHCCOM/LHC.LHC.Beam.AutomaticScan.Set_Nominal_Displacement_B2_sepPlane,2.3360187314906744E-002
13-10-2017 01:51:59.80900000,LHC:LHCCOM/LHC.LHC.Beam.AutomaticScan.Set_Nominal_Displacement_B1_sepPlane,-2.3360187314906744E-002
13-10-2017 01:51:59.80900000,LHC:LHCCOM/LHC.LHC.Beam.AutomaticScan.LumiScan_Status,IDLE
13-10-2017 01:51:59.80900000,LHC:LHCCOM/LHC.LHC.Beam.AutomaticScan.Nominal_Separation,-4.6720374629813488E-002
13-10-2017 01:51:59.80900000,LHC:LHCCOM/LHC.LHC.Beam.AutomaticScan.Step,9.999E+003
13-10-2017 01:52:00.81400000,LHC:LHCCOM/LHC.LHC.Beam.AutomaticScan.Step,8.0E+000
13-10-2017 01:52:00.81400000,LHC:LHCCOM/LHC.LHC.Beam.AutomaticScan.LumiScan_Status,ACQUIRING
13-10-2017 01:52:00.81400000,LHC:LHCCOM/LHC.LHC.Beam.AutomaticScan.Acquisition_Flag,1.0E+000
13-10-2017 01:52:10.84400000,LHC:LHCCOM/LHC.LHC.Beam.AutomaticScan.LumiScan_Status,TRIMMING
13-10-2017 01:52:10.84400000,LHC:LHCCOM/LHC.LHC.Beam.AutomaticScan.Acquisition_Flag,0
13-10-2017 01:52:10.84400000,LHC:LHCCOM/LHC.LHC.Beam.AutomaticScan.Step,9.0E+000
13-10-2017 01:52:15.36600000,LHC:LHCCOM/LHC.LHC.Beam.AutomaticScan.Set_Nominal_Displacement_B2_sepPlane,1.5573458209937829E-002
13-10-2017 01:52:15.36600000,LHC:LHCCOM/LHC.LHC.Beam.AutomaticScan.Set_Nominal_Displacement_B1_sepPlane,-1.5573458209937829E-002
13-10-2017 01:52:15.36600000,LHC:LHCCOM/LHC.LHC.Beam.AutomaticScan.Nominal_Separation,-3.1146916419875659E-002
13-10-2017 01:52:15.36600000,LHC:LHCCOM/LHC.LHC.Beam.AutomaticScan.LumiScan_Status,IDLE
13-10-2017 01:52:15.36600000,LHC:LHCCOM/LHC.LHC.Beam.AutomaticScan.Step,9.999E+003
13-10-2017 01:52:16.37300000,LHC:LHCCOM/LHC.LHC.Beam.AutomaticScan.LumiScan_Status,ACQUIRING
13-10-2017 01:52:16.37300000,LHC:LHCCOM/LHC.LHC.Beam.AutomaticScan.Step,1.0E+001
13-10-2017 01:52:16.37300000,LHC:LHCCOM/LHC.LHC.Beam.AutomaticScan.Acquisition_Flag,1.0E+000
13-10-2017 01:52:26.40400000,LHC:LHCCOM/LHC.LHC.Beam.AutomaticScan.LumiScan_Status,TRIMMING
13-10-2017 01:52:26.40400000,LHC:LHCCOM/LHC.LHC.Beam.AutomaticScan.Acquisition_Flag,0
13-10-2017 01:52:26.40400000,LHC:LHCCOM/LHC.LHC.Beam.AutomaticScan.Step,1.1E+001
13-10-2017 01:52:30.93000000,LHC:LHCCOM/LHC.LHC.Beam.AutomaticScan.LumiScan_Status,IDLE
13-10-2017 01:52:30.93000000,LHC:LHCCOM/LHC.LHC.Beam.AutomaticScan.Step,9.999E+003
13-10-2017 01:52:30.93000000,LHC:LHCCOM/LHC.LHC.Beam.AutomaticScan.Nominal_Separation,-1.5573458209937829E-002
13-10-2017 01:52:30.93000000,LHC:LHCCOM/LHC.LHC.Beam.AutomaticScan.Set_Nominal_Displacement_B1_sepPlane,-7.7867291049689147E-003
13-10-2017 01:52:30.93000000,LHC:LHCCOM/LHC.LHC.Beam.AutomaticScan.Set_Nominal_Displacement_B2_sepPlane,7.7867291049689147E-003
13-10-2017 01:52:31.93500000,LHC:LHCCOM/LHC.LHC.Beam.AutomaticScan.LumiScan_Status,ACQUIRING
13-10-2017 01:52:31.93500000,LHC:LHCCOM/LHC.LHC.Beam.AutomaticScan.Step,1.2E+001
13-10-2017 01:52:31.93500000,LHC:LHCCOM/LHC.LHC.Beam.AutomaticScan.Acquisition_Flag,1.0E+000
13-10-2017 01:52:42.10700000,LHC:LHCCOM/LHC.LHC.Beam.AutomaticScan.Step,1.3E+001
13-10-2017 01:52:42.10700000,LHC:LHCCOM/LHC.LHC.Beam.AutomaticScan.LumiScan_Status,TRIMMING
13-10-2017 01:52:42.10700000,LHC:LHCCOM/LHC.LHC.Beam.AutomaticScan.Acquisition_Flag,0
13-10-2017 01:52:46.63000000,LHC:LHCCOM/LHC.LHC.Beam.AutomaticScan.Step,9.999E+003
13-10-2017 01:52:46.63000000,LHC:LHCCOM/LHC.LHC.Beam.AutomaticScan.Set_Nominal_Displacement_B2_sepPlane,0
13-10-2017 01:52:46.63000000,LHC:LHCCOM/LHC.LHC.Beam.AutomaticScan.Nominal_Separation,0
13-10-2017 01:52:46.63000000,LHC:LHCCOM/LHC.LHC.Beam.AutomaticScan.LumiScan_Status,IDLE
13-10-2017 01:52:46.63000000,LHC:LHCCOM/LHC.LHC.Beam.AutomaticScan.Set_Nominal_Displacement_B1_sepPlane,0
13-10-2017 01:52:47.63500000,LHC:LHCCOM/LHC.LHC.Beam.AutomaticScan.Step,1.4E+001
13-10-2017 01:52:47.63500000,LHC:LHCCOM/LHC.LHC.Beam.AutomaticScan.Acquisition_Flag,1.0E+000
13-10-2017 01:52:47.63500000,LHC:LHCCOM/LHC.LHC.Beam.AutomaticScan.LumiScan_Status,ACQUIRING
13-10-2017 01:53:17.72000000,LHC:LHCCOM/LHC.LHC.Beam.AutomaticScan.LumiScan_Status,TRIMMING
13-10-2017 01:53:17.72000000,LHC:LHCCOM/LHC.LHC.Beam.AutomaticScan.Acquisition_Flag,0
13-10-2017 01:53:17.72000000,LHC:LHCCOM/LHC.LHC.Beam.AutomaticScan.Step,1.5E+001
13-10-2017 01:53:22.24200000,LHC:LHCCOM/LHC.LHC.Beam.AutomaticScan.LumiScan_Status,IDLE
13-10-2017 01:53:22.24200000,LHC:LHCCOM/LHC.LHC.Beam.AutomaticScan.Nominal_Separation,1.5573458209937829E-002
13-10-2017 01:53:22.24200000,LHC:LHCCOM/LHC.LHC.Beam.AutomaticScan.Set_Nominal_Displacement_B2_sepPlane,-7.7867291049689147E-003
13-10-2017 01:53:22.24200000,LHC:LHCCOM/LHC.LHC.Beam.AutomaticScan.Step,9.999E+003
13-10-2017 01:53:22.24200000,LHC:LHCCOM/LHC.LHC.Beam.AutomaticScan.Set_Nominal_Displacement_B1_sepPlane,7.7867291049689147E-003
13-10-2017 01:53:23.24600000,LHC:LHCCOM/LHC.LHC.Beam.AutomaticScan.Acquisition_Flag,1.0E+000
13-10-2017 01:53:23.24600000,LHC:LHCCOM/LHC.LHC.Beam.AutomaticScan.LumiScan_Status,ACQUIRING
13-10-2017 01:53:23.24600000,LHC:LHCCOM/LHC.LHC.Beam.AutomaticScan.Step,1.6E+001
13-10-2017 01:53:33.27600000,LHC:LHCCOM/LHC.LHC.Beam.AutomaticScan.Acquisition_Flag,0
13-10-2017 01:53:33.27600000,LHC:LHCCOM/LHC.LHC.Beam.AutomaticScan.LumiScan_Status,TRIMMING
13-10-2017 01:53:33.27600000,LHC:LHCCOM/LHC.LHC.Beam.AutomaticScan.Step,1.7E+001
13-10-2017 01:53:37.79800000,LHC:LHCCOM/LHC.LHC.Beam.AutomaticScan.Set_Nominal_Displacement_B1_sepPlane,1.5573458209937829E-002
13-10-2017 01:53:37.79800000,LHC:LHCCOM/LHC.LHC.Beam.AutomaticScan.Set_Nominal_Displacement_B2_sepPlane,-1.5573458209937829E-002
13-10-2017 01:53:37.79800000,LHC:LHCCOM/LHC.LHC.Beam.AutomaticScan.Step,9.999E+003
13-10-2017 01:53:37.79800000,LHC:LHCCOM/LHC.LHC.Beam.AutomaticScan.Nominal_Separation,3.1146916419875659E-002
13-10-2017 01:53:37.79800000,LHC:LHCCOM/LHC.LHC.Beam.AutomaticScan.LumiScan_Status,IDLE
13-10-2017 01:53:38.80400000,LHC:LHCCOM/LHC.LHC.Beam.AutomaticScan.Acquisition_Flag,1.0E+000
13-10-2017 01:53:38.80400000,LHC:LHCCOM/LHC.LHC.Beam.AutomaticScan.LumiScan_Status,ACQUIRING
13-10-2017 01:53:38.80400000,LHC:LHCCOM/LHC.LHC.Beam.AutomaticScan.Step,1.8E+001
13-10-2017 01:53:48.83400000,LHC:LHCCOM/LHC.LHC.Beam.AutomaticScan.LumiScan_Status,TRIMMING
13-10-2017 01:53:48.83400000,LHC:LHCCOM/LHC.LHC.Beam.AutomaticScan.Step,1.9E+001
13-10-2017 01:53:48.83400000,LHC:LHCCOM/LHC.LHC.Beam.AutomaticScan.Acquisition_Flag,0
13-10-2017 01:53:53.35500000,LHC:LHCCOM/LHC.LHC.Beam.AutomaticScan.Set_Nominal_Displacement_B2_sepPlane,-2.3360187314906744E-002
13-10-2017 01:53:53.35500000,LHC:LHCCOM/LHC.LHC.Beam.AutomaticScan.LumiScan_Status,IDLE
13-10-2017 01:53:53.35500000,LHC:LHCCOM/LHC.LHC.Beam.AutomaticScan.Nominal_Separation,4.6720374629813488E-002
13-10-2017 01:53:53.35500000,LHC:LHCCOM/LHC.LHC.Beam.AutomaticScan.Set_Nominal_Displacement_B1_sepPlane,2.3360187314906744E-002
13-10-2017 01:53:53.35500000,LHC:LHCCOM/LHC.LHC.Beam.AutomaticScan.Step,9.999E+003
13-10-2017 01:53:54.36000000,LHC:LHCCOM/LHC.LHC.Beam.AutomaticScan.Acquisition_Flag,1.0E+000
13-10-2017 01:53:54.36000000,LHC:LHCCOM/LHC.LHC.Beam.AutomaticScan.LumiScan_Status,ACQUIRING
13-10-2017 01:53:54.36000000,LHC:LHCCOM/LHC.LHC.Beam.AutomaticScan.Step,2.0E+001
13-10-2017 01:54:04.38900000,LHC:LHCCOM/LHC.LHC.Beam.AutomaticScan.LumiScan_Status,TRIMMING
13-10-2017 01:54:04.38900000,LHC:LHCCOM/LHC.LHC.Beam.AutomaticScan.Acquisition_Flag,0
13-10-2017 01:54:04.38900000,LHC:LHCCOM/LHC.LHC.Beam.AutomaticScan.Step,2.1E+001
13-10-2017 01:54:08.61100000,LHC:LHCCOM/LHC.LHC.Beam.AutomaticScan.Set_Nominal_Displacement_B2_sepPlane,-3.1146916419875659E-002
13-10-2017 01:54:08.61100000,LHC:LHCCOM/LHC.LHC.Beam.AutomaticScan.Set_Nominal_Displacement_B1_sepPlane,3.1146916419875659E-002
13-10-2017 01:54:08.61100000,LHC:LHCCOM/LHC.LHC.Beam.AutomaticScan.Nominal_Separation,6.2293832839751317E-002
13-10-2017 01:54:08.61100000,LHC:LHCCOM/LHC.LHC.Beam.AutomaticScan.Step,9.999E+003
13-10-2017 01:54:08.61100000,LHC:LHCCOM/LHC.LHC.Beam.AutomaticScan.LumiScan_Status,IDLE
13-10-2017 01:54:09.61600000,LHC:LHCCOM/LHC.LHC.Beam.AutomaticScan.Step,2.2E+001
13-10-2017 01:54:09.61600000,LHC:LHCCOM/LHC.LHC.Beam.AutomaticScan.LumiScan_Status,ACQUIRING
13-10-2017 01:54:09.61600000,LHC:LHCCOM/LHC.LHC.Beam.AutomaticScan.Acquisition_Flag,1.0E+000
13-10-2017 01:54:19.64500000,LHC:LHCCOM/LHC.LHC.Beam.AutomaticScan.Step,2.3E+001
13-10-2017 01:54:19.64500000,LHC:LHCCOM/LHC.LHC.Beam.AutomaticScan.LumiScan_Status,TRIMMING
13-10-2017 01:54:19.64500000,LHC:LHCCOM/LHC.LHC.Beam.AutomaticScan.Acquisition_Flag,0
13-10-2017 01:54:24.16600000,LHC:LHCCOM/LHC.LHC.Beam.AutomaticScan.Step,9.999E+003
13-10-2017 01:54:24.16600000,LHC:LHCCOM/LHC.LHC.Beam.AutomaticScan.Nominal_Separation,7.7867291049689147E-002
13-10-2017 01:54:24.16600000,LHC:LHCCOM/LHC.LHC.Beam.AutomaticScan.Set_Nominal_Displacement_B2_sepPlane,-3.8933645524844573E-002
13-10-2017 01:54:24.16600000,LHC:LHCCOM/LHC.LHC.Beam.AutomaticScan.Set_Nominal_Displacement_B1_sepPlane,3.8933645524844573E-002
13-10-2017 01:54:24.16600000,LHC:LHCCOM/LHC.LHC.Beam.AutomaticScan.LumiScan_Status,IDLE
13-10-2017 01:54:25.17100000,LHC:LHCCOM/LHC.LHC.Beam.AutomaticScan.Acquisition_Flag,1.0E+000
13-10-2017 01:54:25.17100000,LHC:LHCCOM/LHC.LHC.Beam.AutomaticScan.LumiScan_Status,ACQUIRING
13-10-2017 01:54:25.17100000,LHC:LHCCOM/LHC.LHC.Beam.AutomaticScan.Step,2.4E+001
13-10-2017 01:54:35.20400000,LHC:LHCCOM/LHC.LHC.Beam.AutomaticScan.Step,2.5E+001
13-10-2017 01:54:35.20600000,LHC:LHCCOM/LHC.LHC.Beam.AutomaticScan.Acquisition_Flag,0
13-10-2017 01:54:35.20600000,LHC:LHCCOM/LHC.LHC.Beam.AutomaticScan.LumiScan_Status,TRIMMING
13-10-2017 01:54:35.20600000,LHC:LHCCOM/LHC.LHC.Beam.AutomaticScan.Step,2.6E+001
13-10-2017 01:54:43.63500000,LHC:LHCCOM/LHC.LHC.Beam.AutomaticScan.Set_Nominal_Displacement_B2_sepPlane,0
13-10-2017 01:54:43.63500000,LHC:LHCCOM/LHC.LHC.Beam.AutomaticScan.Step,9.999E+003
13-10-2017 01:54:43.63500000,LHC:LHCCOM/LHC.LHC.Beam.AutomaticScan.Set_Nominal_Displacement_B1_sepPlane,0
13-10-2017 01:54:43.63500000,LHC:LHCCOM/LHC.LHC.Beam.AutomaticScan.Nominal_Separation,0
13-10-2017 01:54:43.63500000,LHC:LHCCOM/LHC.LHC.Beam.AutomaticScan.LumiScan_Status,IDLE
13-10-2017 01:54:44.64000000,LHC:LHCCOM/LHC.LHC.Beam.AutomaticScan.Step,2.7E+001
13-10-2017 01:54:44.64000000,LHC:LHCCOM/LHC.LHC.Beam.AutomaticScan.Acquisition_Flag,1.0E+000
13-10-2017 01:54:44.64000000,LHC:LHCCOM/LHC.LHC.Beam.AutomaticScan.LumiScan_Status,ACQUIRING
13-10-2017 01:55:14.71900000,LHC:LHCCOM/LHC.LHC.Beam.AutomaticScan.Step,2.8E+001
13-10-2017 01:55:44.80600000,LHC:LHCCOM/LHC.LHC.Beam.AutomaticScan.LumiScan_Status,TRIMMING
13-10-2017 01:55:44.80600000,LHC:LHCCOM/LHC.LHC.Beam.AutomaticScan.Step,2.9E+001
13-10-2017 01:55:44.80600000,LHC:LHCCOM/LHC.LHC.Beam.AutomaticScan.Acquisition_Flag,0
13-10-2017 01:55:53.52800000,LHC:LHCCOM/LHC.LHC.Beam.AutomaticScan.Nominal_Separation,-7.7867291049689147E-002
13-10-2017 01:55:53.52800000,LHC:LHCCOM/LHC.LHC.Beam.AutomaticScan.Set_Nominal_Displacement_B1_xingPlane,-3.8933645524844573E-002
13-10-2017 01:55:53.52800000,LHC:LHCCOM/LHC.LHC.Beam.AutomaticScan.Step,9.999E+003
13-10-2017 01:55:53.52800000,LHC:LHCCOM/LHC.LHC.Beam.AutomaticScan.LumiScan_Status,IDLE
13-10-2017 01:55:53.52800000,LHC:LHCCOM/LHC.LHC.Beam.AutomaticScan.Set_Nominal_Displacement_B2_xingPlane,3.8933645524844573E-002
13-10-2017 01:55:54.53500000,LHC:LHCCOM/LHC.LHC.Beam.AutomaticScan.LumiScan_Status,ACQUIRING
13-10-2017 01:55:54.53500000,LHC:LHCCOM/LHC.LHC.Beam.AutomaticScan.Acquisition_Flag,1.0E+000
13-10-2017 01:55:54.53500000,LHC:LHCCOM/LHC.LHC.Beam.AutomaticScan.Step,3.1E+001
13-10-2017 01:56:04.56500000,LHC:LHCCOM/LHC.LHC.Beam.AutomaticScan.LumiScan_Status,TRIMMING
13-10-2017 01:56:04.56500000,LHC:LHCCOM/LHC.LHC.Beam.AutomaticScan.Step,3.2E+001
13-10-2017 01:56:04.56500000,LHC:LHCCOM/LHC.LHC.Beam.AutomaticScan.Acquisition_Flag,0
13-10-2017 01:56:09.38500000,LHC:LHCCOM/LHC.LHC.Beam.AutomaticScan.Set_Nominal_Displacement_B2_xingPlane,3.1146916419875659E-002
13-10-2017 01:56:09.38500000,LHC:LHCCOM/LHC.LHC.Beam.AutomaticScan.Step,9.999E+003
13-10-2017 01:56:09.38500000,LHC:LHCCOM/LHC.LHC.Beam.AutomaticScan.Nominal_Separation,-6.2293832839751317E-002
13-10-2017 01:56:09.38500000,LHC:LHCCOM/LHC.LHC.Beam.AutomaticScan.Set_Nominal_Displacement_B1_xingPlane,-3.1146916419875659E-002
13-10-2017 01:56:09.38500000,LHC:LHCCOM/LHC.LHC.Beam.AutomaticScan.LumiScan_Status,IDLE
13-10-2017 01:56:10.39000000,LHC:LHCCOM/LHC.LHC.Beam.AutomaticScan.LumiScan_Status,ACQUIRING
13-10-2017 01:56:10.39000000,LHC:LHCCOM/LHC.LHC.Beam.AutomaticScan.Acquisition_Flag,1.0E+000
13-10-2017 01:56:10.39000000,LHC:LHCCOM/LHC.LHC.Beam.AutomaticScan.Step,3.3E+001
13-10-2017 01:56:20.41900000,LHC:LHCCOM/LHC.LHC.Beam.AutomaticScan.LumiScan_Status,TRIMMING
13-10-2017 01:56:20.41900000,LHC:LHCCOM/LHC.LHC.Beam.AutomaticScan.Step,3.4E+001
13-10-2017 01:56:20.41900000,LHC:LHCCOM/LHC.LHC.Beam.AutomaticScan.Acquisition_Flag,0
13-10-2017 01:56:24.93900000,LHC:LHCCOM/LHC.LHC.Beam.AutomaticScan.Set_Nominal_Displacement_B2_xingPlane,2.3360187314906744E-002
13-10-2017 01:56:24.93900000,LHC:LHCCOM/LHC.LHC.Beam.AutomaticScan.Nominal_Separation,-4.6720374629813488E-002
13-10-2017 01:56:24.93900000,LHC:LHCCOM/LHC.LHC.Beam.AutomaticScan.Set_Nominal_Displacement_B1_xingPlane,-2.3360187314906744E-002
13-10-2017 01:56:24.93900000,LHC:LHCCOM/LHC.LHC.Beam.AutomaticScan.Step,9.999E+003
13-10-2017 01:56:24.93900000,LHC:LHCCOM/LHC.LHC.Beam.AutomaticScan.LumiScan_Status,IDLE
13-10-2017 01:56:25.94400000,LHC:LHCCOM/LHC.LHC.Beam.AutomaticScan.LumiScan_Status,ACQUIRING
13-10-2017 01:56:25.94400000,LHC:LHCCOM/LHC.LHC.Beam.AutomaticScan.Acquisition_Flag,1.0E+000
13-10-2017 01:56:25.94400000,LHC:LHCCOM/LHC.LHC.Beam.AutomaticScan.Step,3.5E+001
13-10-2017 01:56:35.97300000,LHC:LHCCOM/LHC.LHC.Beam.AutomaticScan.Acquisition_Flag,0
13-10-2017 01:56:35.97300000,LHC:LHCCOM/LHC.LHC.Beam.AutomaticScan.Step,3.6E+001
13-10-2017 01:56:35.97300000,LHC:LHCCOM/LHC.LHC.Beam.AutomaticScan.LumiScan_Status,TRIMMING
13-10-2017 01:56:40.49400000,LHC:LHCCOM/LHC.LHC.Beam.AutomaticScan.Step,9.999E+003
13-10-2017 01:56:40.49400000,LHC:LHCCOM/LHC.LHC.Beam.AutomaticScan.LumiScan_Status,IDLE
13-10-2017 01:56:40.49400000,LHC:LHCCOM/LHC.LHC.Beam.AutomaticScan.Set_Nominal_Displacement_B1_xingPlane,-1.5573458209937829E-002
13-10-2017 01:56:40.49400000,LHC:LHCCOM/LHC.LHC.Beam.AutomaticScan.Nominal_Separation,-3.1146916419875659E-002
13-10-2017 01:56:40.49400000,LHC:LHCCOM/LHC.LHC.Beam.AutomaticScan.Set_Nominal_Displacement_B2_xingPlane,1.5573458209937829E-002
13-10-2017 01:56:41.49900000,LHC:LHCCOM/LHC.LHC.Beam.AutomaticScan.Acquisition_Flag,1.0E+000
13-10-2017 01:56:41.49900000,LHC:LHCCOM/LHC.LHC.Beam.AutomaticScan.LumiScan_Status,ACQUIRING
13-10-2017 01:56:41.49900000,LHC:LHCCOM/LHC.LHC.Beam.AutomaticScan.Step,3.7E+001
13-10-2017 01:56:51.52900000,LHC:LHCCOM/LHC.LHC.Beam.AutomaticScan.LumiScan_Status,TRIMMING
13-10-2017 01:56:51.52900000,LHC:LHCCOM/LHC.LHC.Beam.AutomaticScan.Step,3.8E+001
13-10-2017 01:56:51.52900000,LHC:LHCCOM/LHC.LHC.Beam.AutomaticScan.Acquisition_Flag,0
13-10-2017 01:56:56.05100000,LHC:LHCCOM/LHC.LHC.Beam.AutomaticScan.Nominal_Separation,-1.5573458209937829E-002
13-10-2017 01:56:56.05100000,LHC:LHCCOM/LHC.LHC.Beam.AutomaticScan.LumiScan_Status,IDLE
13-10-2017 01:56:56.05100000,LHC:LHCCOM/LHC.LHC.Beam.AutomaticScan.Step,9.999E+003
13-10-2017 01:56:56.05100000,LHC:LHCCOM/LHC.LHC.Beam.AutomaticScan.Set_Nominal_Displacement_B2_xingPlane,7.7867291049689147E-003
13-10-2017 01:56:56.05100000,LHC:LHCCOM/LHC.LHC.Beam.AutomaticScan.Set_Nominal_Displacement_B1_xingPlane,-7.7867291049689147E-003
13-10-2017 01:56:57.05700000,LHC:LHCCOM/LHC.LHC.Beam.AutomaticScan.Step,3.9E+001
13-10-2017 01:56:57.05700000,LHC:LHCCOM/LHC.LHC.Beam.AutomaticScan.LumiScan_Status,ACQUIRING
13-10-2017 01:56:57.05700000,LHC:LHCCOM/LHC.LHC.Beam.AutomaticScan.Acquisition_Flag,1.0E+000
13-10-2017 01:57:07.08600000,LHC:LHCCOM/LHC.LHC.Beam.AutomaticScan.Step,4.0E+001
13-10-2017 01:57:07.08600000,LHC:LHCCOM/LHC.LHC.Beam.AutomaticScan.Acquisition_Flag,0
13-10-2017 01:57:07.08600000,LHC:LHCCOM/LHC.LHC.Beam.AutomaticScan.LumiScan_Status,TRIMMING
13-10-2017 01:57:11.60700000,LHC:LHCCOM/LHC.LHC.Beam.AutomaticScan.Step,9.999E+003
13-10-2017 01:57:11.60700000,LHC:LHCCOM/LHC.LHC.Beam.AutomaticScan.Set_Nominal_Displacement_B2_xingPlane,0
13-10-2017 01:57:11.60700000,LHC:LHCCOM/LHC.LHC.Beam.AutomaticScan.Set_Nominal_Displacement_B1_xingPlane,0
13-10-2017 01:57:11.60700000,LHC:LHCCOM/LHC.LHC.Beam.AutomaticScan.LumiScan_Status,IDLE
13-10-2017 01:57:11.60700000,LHC:LHCCOM/LHC.LHC.Beam.AutomaticScan.Nominal_Separation,0
13-10-2017 01:57:12.61200000,LHC:LHCCOM/LHC.LHC.Beam.AutomaticScan.Step,4.1E+001
13-10-2017 01:57:12.61200000,LHC:LHCCOM/LHC.LHC.Beam.AutomaticScan.LumiScan_Status,ACQUIRING
13-10-2017 01:57:12.61200000,LHC:LHCCOM/LHC.LHC.Beam.AutomaticScan.Acquisition_Flag,1.0E+000
13-10-2017 01:57:42.69200000,LHC:LHCCOM/LHC.LHC.Beam.AutomaticScan.Acquisition_Flag,0
13-10-2017 01:57:42.69200000,LHC:LHCCOM/LHC.LHC.Beam.AutomaticScan.LumiScan_Status,TRIMMING
13-10-2017 01:57:42.69200000,LHC:LHCCOM/LHC.LHC.Beam.AutomaticScan.Step,4.2E+001
13-10-2017 01:57:47.21800000,LHC:LHCCOM/LHC.LHC.Beam.AutomaticScan.LumiScan_Status,IDLE
13-10-2017 01:57:47.21800000,LHC:LHCCOM/LHC.LHC.Beam.AutomaticScan.Nominal_Separation,1.5573458209937829E-002
13-10-2017 01:57:47.21800000,LHC:LHCCOM/LHC.LHC.Beam.AutomaticScan.Set_Nominal_Displacement_B1_xingPlane,7.7867291049689147E-003
13-10-2017 01:57:47.21800000,LHC:LHCCOM/LHC.LHC.Beam.AutomaticScan.Set_Nominal_Displacement_B2_xingPlane,-7.7867291049689147E-003
13-10-2017 01:57:47.21800000,LHC:LHCCOM/LHC.LHC.Beam.AutomaticScan.Step,9.999E+003
13-10-2017 01:57:48.22300000,LHC:LHCCOM/LHC.LHC.Beam.AutomaticScan.Acquisition_Flag,1.0E+000
13-10-2017 01:57:48.22300000,LHC:LHCCOM/LHC.LHC.Beam.AutomaticScan.LumiScan_Status,ACQUIRING
13-10-2017 01:57:48.22300000,LHC:LHCCOM/LHC.LHC.Beam.AutomaticScan.Step,4.3E+001
13-10-2017 01:57:58.25300000,LHC:LHCCOM/LHC.LHC.Beam.AutomaticScan.LumiScan_Status,TRIMMING
13-10-2017 01:57:58.25300000,LHC:LHCCOM/LHC.LHC.Beam.AutomaticScan.Step,4.4E+001
13-10-2017 01:57:58.25300000,LHC:LHCCOM/LHC.LHC.Beam.AutomaticScan.Acquisition_Flag,0
13-10-2017 01:58:02.77600000,LHC:LHCCOM/LHC.LHC.Beam.AutomaticScan.Nominal_Separation,3.1146916419875659E-002
13-10-2017 01:58:02.77600000,LHC:LHCCOM/LHC.LHC.Beam.AutomaticScan.LumiScan_Status,IDLE
13-10-2017 01:58:02.77600000,LHC:LHCCOM/LHC.LHC.Beam.AutomaticScan.Set_Nominal_Displacement_B1_xingPlane,1.5573458209937829E-002
13-10-2017 01:58:02.77600000,LHC:LHCCOM/LHC.LHC.Beam.AutomaticScan.Step,9.999E+003
13-10-2017 01:58:02.77600000,LHC:LHCCOM/LHC.LHC.Beam.AutomaticScan.Set_Nominal_Displacement_B2_xingPlane,-1.5573458209937829E-002
13-10-2017 01:58:03.78100000,LHC:LHCCOM/LHC.LHC.Beam.AutomaticScan.Step,4.5E+001
13-10-2017 01:58:03.78100000,LHC:LHCCOM/LHC.LHC.Beam.AutomaticScan.Acquisition_Flag,1.0E+000
13-10-2017 01:58:03.78100000,LHC:LHCCOM/LHC.LHC.Beam.AutomaticScan.LumiScan_Status,ACQUIRING
13-10-2017 01:58:13.81100000,LHC:LHCCOM/LHC.LHC.Beam.AutomaticScan.Acquisition_Flag,0
13-10-2017 01:58:13.81100000,LHC:LHCCOM/LHC.LHC.Beam.AutomaticScan.Step,4.6E+001
13-10-2017 01:58:13.81100000,LHC:LHCCOM/LHC.LHC.Beam.AutomaticScan.LumiScan_Status,TRIMMING
13-10-2017 01:58:18.33200000,LHC:LHCCOM/LHC.LHC.Beam.AutomaticScan.Nominal_Separation,4.6720374629813488E-002
13-10-2017 01:58:18.33200000,LHC:LHCCOM/LHC.LHC.Beam.AutomaticScan.Set_Nominal_Displacement_B1_xingPlane,2.3360187314906744E-002
13-10-2017 01:58:18.33200000,LHC:LHCCOM/LHC.LHC.Beam.AutomaticScan.LumiScan_Status,IDLE
13-10-2017 01:58:18.33200000,LHC:LHCCOM/LHC.LHC.Beam.AutomaticScan.Step,9.999E+003
13-10-2017 01:58:18.33200000,LHC:LHCCOM/LHC.LHC.Beam.AutomaticScan.Set_Nominal_Displacement_B2_xingPlane,-2.3360187314906744E-002
13-10-2017 01:58:19.33800000,LHC:LHCCOM/LHC.LHC.Beam.AutomaticScan.Acquisition_Flag,1.0E+000
13-10-2017 01:58:19.33800000,LHC:LHCCOM/LHC.LHC.Beam.AutomaticScan.LumiScan_Status,ACQUIRING
13-10-2017 01:58:19.33800000,LHC:LHCCOM/LHC.LHC.Beam.AutomaticScan.Step,4.7E+001
13-10-2017 01:58:29.36700000,LHC:LHCCOM/LHC.LHC.Beam.AutomaticScan.LumiScan_Status,TRIMMING
13-10-2017 01:58:29.36700000,LHC:LHCCOM/LHC.LHC.Beam.AutomaticScan.Step,4.8E+001
13-10-2017 01:58:29.36700000,LHC:LHCCOM/LHC.LHC.Beam.AutomaticScan.Acquisition_Flag,0
13-10-2017 01:58:33.88900000,LHC:LHCCOM/LHC.LHC.Beam.AutomaticScan.Set_Nominal_Displacement_B2_xingPlane,-3.1146916419875659E-002
13-10-2017 01:58:33.88900000,LHC:LHCCOM/LHC.LHC.Beam.AutomaticScan.LumiScan_Status,IDLE
13-10-2017 01:58:33.88900000,LHC:LHCCOM/LHC.LHC.Beam.AutomaticScan.Step,9.999E+003
13-10-2017 01:58:33.88900000,LHC:LHCCOM/LHC.LHC.Beam.AutomaticScan.Set_Nominal_Displacement_B1_xingPlane,3.1146916419875659E-002
13-10-2017 01:58:33.88900000,LHC:LHCCOM/LHC.LHC.Beam.AutomaticScan.Nominal_Separation,6.2293832839751317E-002
13-10-2017 01:58:34.89400000,LHC:LHCCOM/LHC.LHC.Beam.AutomaticScan.Step,4.9E+001
13-10-2017 01:58:34.89400000,LHC:LHCCOM/LHC.LHC.Beam.AutomaticScan.Acquisition_Flag,1.0E+000
13-10-2017 01:58:34.89400000,LHC:LHCCOM/LHC.LHC.Beam.AutomaticScan.LumiScan_Status,ACQUIRING
13-10-2017 01:58:44.92400000,LHC:LHCCOM/LHC.LHC.Beam.AutomaticScan.Acquisition_Flag,0
13-10-2017 01:58:44.92400000,LHC:LHCCOM/LHC.LHC.Beam.AutomaticScan.LumiScan_Status,TRIMMING
13-10-2017 01:58:44.92400000,LHC:LHCCOM/LHC.LHC.Beam.AutomaticScan.Step,5.0E+001
13-10-2017 01:58:49.44500000,LHC:LHCCOM/LHC.LHC.Beam.AutomaticScan.LumiScan_Status,IDLE
13-10-2017 01:58:49.44500000,LHC:LHCCOM/LHC.LHC.Beam.AutomaticScan.Nominal_Separation,7.7867291049689147E-002
13-10-2017 01:58:49.44500000,LHC:LHCCOM/LHC.LHC.Beam.AutomaticScan.Set_Nominal_Displacement_B1_xingPlane,3.8933645524844573E-002
13-10-2017 01:58:49.44500000,LHC:LHCCOM/LHC.LHC.Beam.AutomaticScan.Set_Nominal_Displacement_B2_xingPlane,-3.8933645524844573E-002
13-10-2017 01:58:49.44500000,LHC:LHCCOM/LHC.LHC.Beam.AutomaticScan.Step,9.999E+003
13-10-2017 01:58:50.45100000,LHC:LHCCOM/LHC.LHC.Beam.AutomaticScan.Acquisition_Flag,1.0E+000
13-10-2017 01:58:50.45100000,LHC:LHCCOM/LHC.LHC.Beam.AutomaticScan.Step,5.1E+001
13-10-2017 01:58:50.45100000,LHC:LHCCOM/LHC.LHC.Beam.AutomaticScan.LumiScan_Status,ACQUIRING
13-10-2017 01:59:00.48200000,LHC:LHCCOM/LHC.LHC.Beam.AutomaticScan.Step,5.2E+001
13-10-2017 01:59:00.48500000,LHC:LHCCOM/LHC.LHC.Beam.AutomaticScan.LumiScan_Status,TRIMMING
13-10-2017 01:59:00.48500000,LHC:LHCCOM/LHC.LHC.Beam.AutomaticScan.Step,5.3E+001
13-10-2017 01:59:00.48500000,LHC:LHCCOM/LHC.LHC.Beam.AutomaticScan.Acquisition_Flag,0
13-10-2017 01:59:09.20600000,LHC:LHCCOM/LHC.LHC.Beam.AutomaticScan.Nominal_Separation,0
13-10-2017 01:59:09.20600000,LHC:LHCCOM/LHC.LHC.Beam.AutomaticScan.Set_Nominal_Displacement_B2_xingPlane,0
13-10-2017 01:59:09.20600000,LHC:LHCCOM/LHC.LHC.Beam.AutomaticScan.Step,9.999E+003
13-10-2017 01:59:09.20600000,LHC:LHCCOM/LHC.LHC.Beam.AutomaticScan.LumiScan_Status,IDLE
13-10-2017 01:59:09.20600000,LHC:LHCCOM/LHC.LHC.Beam.AutomaticScan.Set_Nominal_Displacement_B1_xingPlane,0
13-10-2017 01:59:10.21000000,LHC:LHCCOM/LHC.LHC.Beam.AutomaticScan.Step,5.4E+001
13-10-2017 01:59:10.21000000,LHC:LHCCOM/LHC.LHC.Beam.AutomaticScan.Acquisition_Flag,1.0E+000
13-10-2017 01:59:10.21000000,LHC:LHCCOM/LHC.LHC.Beam.AutomaticScan.LumiScan_Status,ACQUIRING
13-10-2017 01:59:40.29300000,LHC:LHCCOM/LHC.LHC.Beam.AutomaticScan.LumiScan_Status,STANDBY
13-10-2017 01:59:40.29300000,LHC:LHCCOM/LHC.LHC.Beam.AutomaticScan.Step,5.5E+001
13-10-2017 01:59:40.29300000,LHC:LHCCOM/LHC.LHC.Beam.AutomaticScan.Acquisition_Flag,0
13-10-2017 01:59:40.30100000,LHC:LHCCOM/LHC.LHC.Beam.AutomaticScan.IP,0
13-10-2017 01:59:40.30100000,LHC:LHCCOM/LHC.LHC.Beam.AutomaticScan.Step,9.999E+003
13-10-2017 01:59:40.30100000,LHC:LHCCOM/LHC.LHC.Beam.AutomaticScan.Plane,NONE
13-10-2017 01:59:40.30100000,LHC:LHCCOM/LHC.LHC.Beam.AutomaticScan.Beam,0
13-10-2017 02:05:15.94700000,LHC:LHCCOM/LHC.LHC.Beam.AutomaticScan.LumiScan_Status,TRIMMING
13-10-2017 02:05:15.94700000,LHC:LHCCOM/LHC.LHC.Beam.AutomaticScan.IP,3.2E+001
13-10-2017 02:05:15.94700000,LHC:LHCCOM/LHC.LHC.Beam.AutomaticScan.Set_Nominal_Displacement_B1_xingPlane,-2.1545824557622852E-002
13-10-2017 02:05:15.94700000,LHC:LHCCOM/LHC.LHC.Beam.AutomaticScan.Step,0
13-10-2017 02:05:15.94700000,LHC:LHCCOM/LHC.LHC.Beam.AutomaticScan.Set_Nominal_Displacement_B2_xingPlane,2.1545824557622852E-002
13-10-2017 02:05:15.94700000,LHC:LHCCOM/LHC.LHC.Beam.AutomaticScan.Plane,MIXED
13-10-2017 02:05:15.94700000,LHC:LHCCOM/LHC.LHC.Beam.AutomaticScan.Nominal_Separation,-4.3091649115245705E-002
13-10-2017 02:05:15.94700000,LHC:LHCCOM/LHC.LHC.Beam.AutomaticScan.Beam,3.0E+000
13-10-2017 02:05:29.62500000,LHC:LHCCOM/LHC.LHC.Beam.AutomaticScan.LumiScan_Status,ACQUIRING
13-10-2017 02:05:29.62500000,LHC:LHCCOM/LHC.LHC.Beam.AutomaticScan.Acquisition_Flag,1.0E+000
13-10-2017 02:05:29.62500000,LHC:LHCCOM/LHC.LHC.Beam.AutomaticScan.Step,1.0E+000
13-10-2017 02:05:39.65300000,LHC:LHCCOM/LHC.LHC.Beam.AutomaticScan.LumiScan_Status,TRIMMING
13-10-2017 02:05:39.65300000,LHC:LHCCOM/LHC.LHC.Beam.AutomaticScan.Acquisition_Flag,0
13-10-2017 02:05:39.65300000,LHC:LHCCOM/LHC.LHC.Beam.AutomaticScan.Step,2.0E+000
13-10-2017 02:05:45.32900000,LHC:LHCCOM/LHC.LHC.Beam.AutomaticScan.Set_Nominal_Displacement_B2_xingPlane,1.6159368418217138E-002
13-10-2017 02:05:45.32900000,LHC:LHCCOM/LHC.LHC.Beam.AutomaticScan.Set_Nominal_Displacement_B1_xingPlane,-1.6159368418217138E-002
13-10-2017 02:05:45.32900000,LHC:LHCCOM/LHC.LHC.Beam.AutomaticScan.LumiScan_Status,ACQUIRING
13-10-2017 02:05:45.32900000,LHC:LHCCOM/LHC.LHC.Beam.AutomaticScan.Acquisition_Flag,1.0E+000
13-10-2017 02:05:45.32900000,LHC:LHCCOM/LHC.LHC.Beam.AutomaticScan.Nominal_Separation,-3.2318736836434277E-002
13-10-2017 02:05:45.32900000,LHC:LHCCOM/LHC.LHC.Beam.AutomaticScan.Step,3.0E+000
13-10-2017 02:05:55.35700000,LHC:LHCCOM/LHC.LHC.Beam.AutomaticScan.LumiScan_Status,TRIMMING
13-10-2017 02:05:55.35700000,LHC:LHCCOM/LHC.LHC.Beam.AutomaticScan.Step,4.0E+000
13-10-2017 02:05:55.35700000,LHC:LHCCOM/LHC.LHC.Beam.AutomaticScan.Acquisition_Flag,0
13-10-2017 02:06:01.33700000,LHC:LHCCOM/LHC.LHC.Beam.AutomaticScan.Acquisition_Flag,1.0E+000
13-10-2017 02:06:01.33700000,LHC:LHCCOM/LHC.LHC.Beam.AutomaticScan.LumiScan_Status,ACQUIRING
13-10-2017 02:06:01.33700000,LHC:LHCCOM/LHC.LHC.Beam.AutomaticScan.Set_Nominal_Displacement_B2_xingPlane,1.0772912278811426E-002
13-10-2017 02:06:01.33700000,LHC:LHCCOM/LHC.LHC.Beam.AutomaticScan.Nominal_Separation,-2.1545824557622852E-002
13-10-2017 02:06:01.33700000,LHC:LHCCOM/LHC.LHC.Beam.AutomaticScan.Step,5.0E+000
13-10-2017 02:06:01.33700000,LHC:LHCCOM/LHC.LHC.Beam.AutomaticScan.Set_Nominal_Displacement_B1_xingPlane,-1.0772912278811426E-002
13-10-2017 02:06:11.36500000,LHC:LHCCOM/LHC.LHC.Beam.AutomaticScan.Acquisition_Flag,0
13-10-2017 02:06:11.36500000,LHC:LHCCOM/LHC.LHC.Beam.AutomaticScan.LumiScan_Status,TRIMMING
13-10-2017 02:06:11.36500000,LHC:LHCCOM/LHC.LHC.Beam.AutomaticScan.Step,6.0E+000
13-10-2017 02:06:17.34300000,LHC:LHCCOM/LHC.LHC.Beam.AutomaticScan.Step,7.0E+000
13-10-2017 02:06:17.34300000,LHC:LHCCOM/LHC.LHC.Beam.AutomaticScan.Set_Nominal_Displacement_B1_xingPlane,-5.3864561394057131E-003
13-10-2017 02:06:17.34300000,LHC:LHCCOM/LHC.LHC.Beam.AutomaticScan.Set_Nominal_Displacement_B2_xingPlane,5.3864561394057131E-003
13-10-2017 02:06:17.34300000,LHC:LHCCOM/LHC.LHC.Beam.AutomaticScan.LumiScan_Status,ACQUIRING
13-10-2017 02:06:17.34300000,LHC:LHCCOM/LHC.LHC.Beam.AutomaticScan.Acquisition_Flag,1.0E+000
13-10-2017 02:06:17.34300000,LHC:LHCCOM/LHC.LHC.Beam.AutomaticScan.Nominal_Separation,-1.0772912278811426E-002
13-10-2017 02:06:27.37000000,LHC:LHCCOM/LHC.LHC.Beam.AutomaticScan.Step,8.0E+000
13-10-2017 02:06:27.37000000,LHC:LHCCOM/LHC.LHC.Beam.AutomaticScan.LumiScan_Status,TRIMMING
13-10-2017 02:06:27.37000000,LHC:LHCCOM/LHC.LHC.Beam.AutomaticScan.Acquisition_Flag,0
13-10-2017 02:06:33.35000000,LHC:LHCCOM/LHC.LHC.Beam.AutomaticScan.Set_Nominal_Displacement_B2_xingPlane,0
13-10-2017 02:06:33.35000000,LHC:LHCCOM/LHC.LHC.Beam.AutomaticScan.Set_Nominal_Displacement_B1_xingPlane,0
13-10-2017 02:06:33.35000000,LHC:LHCCOM/LHC.LHC.Beam.AutomaticScan.Step,9.0E+000
13-10-2017 02:06:33.35000000,LHC:LHCCOM/LHC.LHC.Beam.AutomaticScan.LumiScan_Status,ACQUIRING
13-10-2017 02:06:33.35000000,LHC:LHCCOM/LHC.LHC.Beam.AutomaticScan.Acquisition_Flag,1.0E+000
13-10-2017 02:06:33.35000000,LHC:LHCCOM/LHC.LHC.Beam.AutomaticScan.Nominal_Separation,0
13-10-2017 02:06:43.37700000,LHC:LHCCOM/LHC.LHC.Beam.AutomaticScan.Step,1.0E+001
13-10-2017 02:06:43.37700000,LHC:LHCCOM/LHC.LHC.Beam.AutomaticScan.LumiScan_Status,TRIMMING
13-10-2017 02:06:43.37700000,LHC:LHCCOM/LHC.LHC.Beam.AutomaticScan.Acquisition_Flag,0
13-10-2017 02:06:49.35500000,LHC:LHCCOM/LHC.LHC.Beam.AutomaticScan.Nominal_Separation,1.0772912278811426E-002
13-10-2017 02:06:49.35500000,LHC:LHCCOM/LHC.LHC.Beam.AutomaticScan.Step,1.1E+001
13-10-2017 02:06:49.35500000,LHC:LHCCOM/LHC.LHC.Beam.AutomaticScan.Set_Nominal_Displacement_B1_xingPlane,5.3864561394057131E-003
13-10-2017 02:06:49.35500000,LHC:LHCCOM/LHC.LHC.Beam.AutomaticScan.Set_Nominal_Displacement_B2_xingPlane,-5.3864561394057131E-003
13-10-2017 02:06:49.35500000,LHC:LHCCOM/LHC.LHC.Beam.AutomaticScan.Acquisition_Flag,1.0E+000
13-10-2017 02:06:49.35500000,LHC:LHCCOM/LHC.LHC.Beam.AutomaticScan.LumiScan_Status,ACQUIRING
13-10-2017 02:06:59.38200000,LHC:LHCCOM/LHC.LHC.Beam.AutomaticScan.Acquisition_Flag,0
13-10-2017 02:06:59.38200000,LHC:LHCCOM/LHC.LHC.Beam.AutomaticScan.LumiScan_Status,TRIMMING
13-10-2017 02:06:59.38200000,LHC:LHCCOM/LHC.LHC.Beam.AutomaticScan.Step,1.2E+001
13-10-2017 02:07:05.36100000,LHC:LHCCOM/LHC.LHC.Beam.AutomaticScan.Set_Nominal_Displacement_B1_xingPlane,1.0772912278811426E-002
13-10-2017 02:07:05.36100000,LHC:LHCCOM/LHC.LHC.Beam.AutomaticScan.LumiScan_Status,ACQUIRING
13-10-2017 02:07:05.36100000,LHC:LHCCOM/LHC.LHC.Beam.AutomaticScan.Acquisition_Flag,1.0E+000
13-10-2017 02:07:05.36100000,LHC:LHCCOM/LHC.LHC.Beam.AutomaticScan.Step,1.3E+001
13-10-2017 02:07:05.36100000,LHC:LHCCOM/LHC.LHC.Beam.AutomaticScan.Set_Nominal_Displacement_B2_xingPlane,-1.0772912278811426E-002
13-10-2017 02:07:05.36100000,LHC:LHCCOM/LHC.LHC.Beam.AutomaticScan.Nominal_Separation,2.1545824557622852E-002
13-10-2017 02:07:15.38700000,LHC:LHCCOM/LHC.LHC.Beam.AutomaticScan.Step,1.4E+001
13-10-2017 02:07:15.38700000,LHC:LHCCOM/LHC.LHC.Beam.AutomaticScan.LumiScan_Status,TRIMMING
13-10-2017 02:07:15.38700000,LHC:LHCCOM/LHC.LHC.Beam.AutomaticScan.Acquisition_Flag,0
13-10-2017 02:07:21.36800000,LHC:LHCCOM/LHC.LHC.Beam.AutomaticScan.Set_Nominal_Displacement_B2_xingPlane,-1.6159368418217138E-002
13-10-2017 02:07:21.36800000,LHC:LHCCOM/LHC.LHC.Beam.AutomaticScan.LumiScan_Status,ACQUIRING
13-10-2017 02:07:21.36800000,LHC:LHCCOM/LHC.LHC.Beam.AutomaticScan.Acquisition_Flag,1.0E+000
13-10-2017 02:07:21.36800000,LHC:LHCCOM/LHC.LHC.Beam.AutomaticScan.Nominal_Separation,3.2318736836434277E-002
13-10-2017 02:07:21.36800000,LHC:LHCCOM/LHC.LHC.Beam.AutomaticScan.Step,1.5E+001
13-10-2017 02:07:21.36800000,LHC:LHCCOM/LHC.LHC.Beam.AutomaticScan.Set_Nominal_Displacement_B1_xingPlane,1.6159368418217138E-002
13-10-2017 02:07:31.39500000,LHC:LHCCOM/LHC.LHC.Beam.AutomaticScan.LumiScan_Status,TRIMMING
13-10-2017 02:07:31.39500000,LHC:LHCCOM/LHC.LHC.Beam.AutomaticScan.Acquisition_Flag,0
13-10-2017 02:07:31.39500000,LHC:LHCCOM/LHC.LHC.Beam.AutomaticScan.Step,1.6E+001
13-10-2017 02:07:37.37300000,LHC:LHCCOM/LHC.LHC.Beam.AutomaticScan.Step,1.7E+001
13-10-2017 02:07:37.37300000,LHC:LHCCOM/LHC.LHC.Beam.AutomaticScan.Acquisition_Flag,1.0E+000
13-10-2017 02:07:37.37300000,LHC:LHCCOM/LHC.LHC.Beam.AutomaticScan.Nominal_Separation,4.3091649115245705E-002
13-10-2017 02:07:37.37300000,LHC:LHCCOM/LHC.LHC.Beam.AutomaticScan.Set_Nominal_Displacement_B2_xingPlane,-2.1545824557622852E-002
13-10-2017 02:07:37.37300000,LHC:LHCCOM/LHC.LHC.Beam.AutomaticScan.LumiScan_Status,ACQUIRING
13-10-2017 02:07:37.37300000,LHC:LHCCOM/LHC.LHC.Beam.AutomaticScan.Set_Nominal_Displacement_B1_xingPlane,2.1545824557622852E-002
13-10-2017 02:07:47.40000000,LHC:LHCCOM/LHC.LHC.Beam.AutomaticScan.Acquisition_Flag,0
13-10-2017 02:07:47.40000000,LHC:LHCCOM/LHC.LHC.Beam.AutomaticScan.LumiScan_Status,TRIMMING
13-10-2017 02:07:47.40000000,LHC:LHCCOM/LHC.LHC.Beam.AutomaticScan.Step,1.8E+001
13-10-2017 02:07:54.92400000,LHC:LHCCOM/LHC.LHC.Beam.AutomaticScan.Set_Nominal_Displacement_B1_sepPlane,-1.5389874684016322E-002
13-10-2017 02:07:54.92400000,LHC:LHCCOM/LHC.LHC.Beam.AutomaticScan.Set_Nominal_Displacement_B2_sepPlane,1.5389874684016322E-002
13-10-2017 02:07:54.92400000,LHC:LHCCOM/LHC.LHC.Beam.AutomaticScan.Set_Nominal_Displacement_B1_xingPlane,0
13-10-2017 02:07:54.92400000,LHC:LHCCOM/LHC.LHC.Beam.AutomaticScan.Step,0
13-10-2017 02:07:54.92400000,LHC:LHCCOM/LHC.LHC.Beam.AutomaticScan.Set_Nominal_Displacement_B2_xingPlane,0
13-10-2017 02:07:54.92400000,LHC:LHCCOM/LHC.LHC.Beam.AutomaticScan.Nominal_Separation,-3.0779749368032645E-002
13-10-2017 02:08:07.70200000,LHC:LHCCOM/LHC.LHC.Beam.AutomaticScan.Step,1.0E+000
13-10-2017 02:08:07.70200000,LHC:LHCCOM/LHC.LHC.Beam.AutomaticScan.Acquisition_Flag,1.0E+000
13-10-2017 02:08:07.70200000,LHC:LHCCOM/LHC.LHC.Beam.AutomaticScan.LumiScan_Status,ACQUIRING
13-10-2017 02:08:17.72900000,LHC:LHCCOM/LHC.LHC.Beam.AutomaticScan.Acquisition_Flag,0
13-10-2017 02:08:17.72900000,LHC:LHCCOM/LHC.LHC.Beam.AutomaticScan.LumiScan_Status,TRIMMING
13-10-2017 02:08:17.72900000,LHC:LHCCOM/LHC.LHC.Beam.AutomaticScan.Step,2.0E+000
13-10-2017 02:08:23.10700000,LHC:LHCCOM/LHC.LHC.Beam.AutomaticScan.Set_Nominal_Displacement_B1_sepPlane,-1.1542406013012242E-002
13-10-2017 02:08:23.10700000,LHC:LHCCOM/LHC.LHC.Beam.AutomaticScan.Set_Nominal_Displacement_B2_sepPlane,1.1542406013012242E-002
13-10-2017 02:08:23.10700000,LHC:LHCCOM/LHC.LHC.Beam.AutomaticScan.Acquisition_Flag,1.0E+000
13-10-2017 02:08:23.10700000,LHC:LHCCOM/LHC.LHC.Beam.AutomaticScan.Nominal_Separation,-2.3084812026024484E-002
13-10-2017 02:08:23.10700000,LHC:LHCCOM/LHC.LHC.Beam.AutomaticScan.Step,3.0E+000
13-10-2017 02:08:23.10700000,LHC:LHCCOM/LHC.LHC.Beam.AutomaticScan.LumiScan_Status,ACQUIRING
13-10-2017 02:08:33.13300000,LHC:LHCCOM/LHC.LHC.Beam.AutomaticScan.Step,4.0E+000
13-10-2017 02:08:33.13300000,LHC:LHCCOM/LHC.LHC.Beam.AutomaticScan.Acquisition_Flag,0
13-10-2017 02:08:33.13300000,LHC:LHCCOM/LHC.LHC.Beam.AutomaticScan.LumiScan_Status,TRIMMING
13-10-2017 02:08:38.21000000,LHC:LHCCOM/LHC.LHC.Beam.AutomaticScan.Acquisition_Flag,1.0E+000
13-10-2017 02:08:38.21000000,LHC:LHCCOM/LHC.LHC.Beam.AutomaticScan.Set_Nominal_Displacement_B2_sepPlane,7.6949373420081612E-003
13-10-2017 02:08:38.21000000,LHC:LHCCOM/LHC.LHC.Beam.AutomaticScan.Step,5.0E+000
13-10-2017 02:08:38.21000000,LHC:LHCCOM/LHC.LHC.Beam.AutomaticScan.Nominal_Separation,-1.5389874684016322E-002
13-10-2017 02:08:38.21000000,LHC:LHCCOM/LHC.LHC.Beam.AutomaticScan.LumiScan_Status,ACQUIRING
13-10-2017 02:08:38.21000000,LHC:LHCCOM/LHC.LHC.Beam.AutomaticScan.Set_Nominal_Displacement_B1_sepPlane,-7.6949373420081612E-003
13-10-2017 02:08:48.23700000,LHC:LHCCOM/LHC.LHC.Beam.AutomaticScan.LumiScan_Status,TRIMMING
13-10-2017 02:08:48.23700000,LHC:LHCCOM/LHC.LHC.Beam.AutomaticScan.Acquisition_Flag,0
13-10-2017 02:08:48.23700000,LHC:LHCCOM/LHC.LHC.Beam.AutomaticScan.Step,6.0E+000
13-10-2017 02:08:53.61300000,LHC:LHCCOM/LHC.LHC.Beam.AutomaticScan.Set_Nominal_Displacement_B1_sepPlane,-3.8474686710040806E-003
13-10-2017 02:08:53.61300000,LHC:LHCCOM/LHC.LHC.Beam.AutomaticScan.Acquisition_Flag,1.0E+000
13-10-2017 02:08:53.61300000,LHC:LHCCOM/LHC.LHC.Beam.AutomaticScan.Nominal_Separation,-7.6949373420081612E-003
13-10-2017 02:08:53.61300000,LHC:LHCCOM/LHC.LHC.Beam.AutomaticScan.Step,7.0E+000
13-10-2017 02:08:53.61300000,LHC:LHCCOM/LHC.LHC.Beam.AutomaticScan.Set_Nominal_Displacement_B2_sepPlane,3.8474686710040806E-003
13-10-2017 02:08:53.61300000,LHC:LHCCOM/LHC.LHC.Beam.AutomaticScan.LumiScan_Status,ACQUIRING
13-10-2017 02:09:03.64100000,LHC:LHCCOM/LHC.LHC.Beam.AutomaticScan.Step,8.0E+000
13-10-2017 02:09:03.64100000,LHC:LHCCOM/LHC.LHC.Beam.AutomaticScan.Acquisition_Flag,0
13-10-2017 02:09:03.64100000,LHC:LHCCOM/LHC.LHC.Beam.AutomaticScan.LumiScan_Status,TRIMMING
13-10-2017 02:09:08.71800000,LHC:LHCCOM/LHC.LHC.Beam.AutomaticScan.Set_Nominal_Displacement_B1_sepPlane,0
13-10-2017 02:09:08.71800000,LHC:LHCCOM/LHC.LHC.Beam.AutomaticScan.Nominal_Separation,0
13-10-2017 02:09:08.71800000,LHC:LHCCOM/LHC.LHC.Beam.AutomaticScan.Set_Nominal_Displacement_B2_sepPlane,0
13-10-2017 02:09:08.71800000,LHC:LHCCOM/LHC.LHC.Beam.AutomaticScan.Acquisition_Flag,1.0E+000
13-10-2017 02:09:08.71800000,LHC:LHCCOM/LHC.LHC.Beam.AutomaticScan.LumiScan_Status,ACQUIRING
13-10-2017 02:09:08.71800000,LHC:LHCCOM/LHC.LHC.Beam.AutomaticScan.Step,9.0E+000
13-10-2017 02:09:18.74400000,LHC:LHCCOM/LHC.LHC.Beam.AutomaticScan.LumiScan_Status,TRIMMING
13-10-2017 02:09:18.74400000,LHC:LHCCOM/LHC.LHC.Beam.AutomaticScan.Acquisition_Flag,0
13-10-2017 02:09:18.74400000,LHC:LHCCOM/LHC.LHC.Beam.AutomaticScan.Step,1.0E+001
13-10-2017 02:09:24.12200000,LHC:LHCCOM/LHC.LHC.Beam.AutomaticScan.Acquisition_Flag,1.0E+000
13-10-2017 02:09:24.12200000,LHC:LHCCOM/LHC.LHC.Beam.AutomaticScan.Nominal_Separation,7.6949373420081612E-003
13-10-2017 02:09:24.12200000,LHC:LHCCOM/LHC.LHC.Beam.AutomaticScan.Set_Nominal_Displacement_B2_sepPlane,-3.8474686710040806E-003
13-10-2017 02:09:24.12200000,LHC:LHCCOM/LHC.LHC.Beam.AutomaticScan.Step,1.1E+001
13-10-2017 02:09:24.12200000,LHC:LHCCOM/LHC.LHC.Beam.AutomaticScan.Set_Nominal_Displacement_B1_sepPlane,3.8474686710040806E-003
13-10-2017 02:09:24.12200000,LHC:LHCCOM/LHC.LHC.Beam.AutomaticScan.LumiScan_Status,ACQUIRING
13-10-2017 02:09:34.14800000,LHC:LHCCOM/LHC.LHC.Beam.AutomaticScan.Step,1.2E+001
13-10-2017 02:09:34.14800000,LHC:LHCCOM/LHC.LHC.Beam.AutomaticScan.Acquisition_Flag,0
13-10-2017 02:09:34.14800000,LHC:LHCCOM/LHC.LHC.Beam.AutomaticScan.LumiScan_Status,TRIMMING
13-10-2017 02:09:39.22500000,LHC:LHCCOM/LHC.LHC.Beam.AutomaticScan.Acquisition_Flag,1.0E+000
13-10-2017 02:09:39.22500000,LHC:LHCCOM/LHC.LHC.Beam.AutomaticScan.Nominal_Separation,1.5389874684016322E-002
13-10-2017 02:09:39.22500000,LHC:LHCCOM/LHC.LHC.Beam.AutomaticScan.Set_Nominal_Displacement_B1_sepPlane,7.6949373420081612E-003
13-10-2017 02:09:39.22500000,LHC:LHCCOM/LHC.LHC.Beam.AutomaticScan.Set_Nominal_Displacement_B2_sepPlane,-7.6949373420081612E-003
13-10-2017 02:09:39.22500000,LHC:LHCCOM/LHC.LHC.Beam.AutomaticScan.Step,1.3E+001
13-10-2017 02:09:39.22500000,LHC:LHCCOM/LHC.LHC.Beam.AutomaticScan.LumiScan_Status,ACQUIRING
13-10-2017 02:09:49.25200000,LHC:LHCCOM/LHC.LHC.Beam.AutomaticScan.Step,1.4E+001
13-10-2017 02:09:49.25200000,LHC:LHCCOM/LHC.LHC.Beam.AutomaticScan.Acquisition_Flag,0
13-10-2017 02:09:49.25200000,LHC:LHCCOM/LHC.LHC.Beam.AutomaticScan.LumiScan_Status,TRIMMING
13-10-2017 02:09:54.63100000,LHC:LHCCOM/LHC.LHC.Beam.AutomaticScan.Step,1.5E+001
13-10-2017 02:09:54.63100000,LHC:LHCCOM/LHC.LHC.Beam.AutomaticScan.Set_Nominal_Displacement_B2_sepPlane,-1.1542406013012242E-002
13-10-2017 02:09:54.63100000,LHC:LHCCOM/LHC.LHC.Beam.AutomaticScan.Set_Nominal_Displacement_B1_sepPlane,1.1542406013012242E-002
13-10-2017 02:09:54.63100000,LHC:LHCCOM/LHC.LHC.Beam.AutomaticScan.LumiScan_Status,ACQUIRING
13-10-2017 02:09:54.63100000,LHC:LHCCOM/LHC.LHC.Beam.AutomaticScan.Nominal_Separation,2.3084812026024484E-002
13-10-2017 02:09:54.63100000,LHC:LHCCOM/LHC.LHC.Beam.AutomaticScan.Acquisition_Flag,1.0E+000
13-10-2017 02:10:04.65600000,LHC:LHCCOM/LHC.LHC.Beam.AutomaticScan.LumiScan_Status,TRIMMING
13-10-2017 02:10:04.65600000,LHC:LHCCOM/LHC.LHC.Beam.AutomaticScan.Step,1.6E+001
13-10-2017 02:10:04.65600000,LHC:LHCCOM/LHC.LHC.Beam.AutomaticScan.Acquisition_Flag,0
13-10-2017 02:10:09.73400000,LHC:LHCCOM/LHC.LHC.Beam.AutomaticScan.Step,1.7E+001
13-10-2017 02:10:09.73400000,LHC:LHCCOM/LHC.LHC.Beam.AutomaticScan.Set_Nominal_Displacement_B1_sepPlane,1.5389874684016322E-002
13-10-2017 02:10:09.73400000,LHC:LHCCOM/LHC.LHC.Beam.AutomaticScan.Acquisition_Flag,1.0E+000
13-10-2017 02:10:09.73400000,LHC:LHCCOM/LHC.LHC.Beam.AutomaticScan.Set_Nominal_Displacement_B2_sepPlane,-1.5389874684016322E-002
13-10-2017 02:10:09.73400000,LHC:LHCCOM/LHC.LHC.Beam.AutomaticScan.LumiScan_Status,ACQUIRING
13-10-2017 02:10:09.73400000,LHC:LHCCOM/LHC.LHC.Beam.AutomaticScan.Nominal_Separation,3.0779749368032645E-002
13-10-2017 02:10:19.76000000,LHC:LHCCOM/LHC.LHC.Beam.AutomaticScan.Step,1.8E+001
13-10-2017 02:10:19.76000000,LHC:LHCCOM/LHC.LHC.Beam.AutomaticScan.LumiScan_Status,TRIMMING
13-10-2017 02:10:19.76000000,LHC:LHCCOM/LHC.LHC.Beam.AutomaticScan.Acquisition_Flag,0
13-10-2017 02:10:26.38900000,LHC:LHCCOM/LHC.LHC.Beam.AutomaticScan.Step,2.0E+001
13-10-2017 02:10:26.39100000,LHC:LHCCOM/LHC.LHC.Beam.AutomaticScan.Set_Nominal_Displacement_B2_sepPlane,0
13-10-2017 02:10:26.39100000,LHC:LHCCOM/LHC.LHC.Beam.AutomaticScan.Step,9.999E+003
13-10-2017 02:10:26.39100000,LHC:LHCCOM/LHC.LHC.Beam.AutomaticScan.Set_Nominal_Displacement_B1_sepPlane,0
13-10-2017 02:10:26.39100000,LHC:LHCCOM/LHC.LHC.Beam.AutomaticScan.IP,0
13-10-2017 02:10:26.39100000,LHC:LHCCOM/LHC.LHC.Beam.AutomaticScan.Plane,NONE
13-10-2017 02:10:26.39100000,LHC:LHCCOM/LHC.LHC.Beam.AutomaticScan.Nominal_Separation,0
13-10-2017 02:10:26.39100000,LHC:LHCCOM/LHC.LHC.Beam.AutomaticScan.LumiScan_Status,STANDBY
13-10-2017 02:10:26.39100000,LHC:LHCCOM/LHC.LHC.Beam.AutomaticScan.Beam,0
13-10-2017 21:49:24.54200000,LHC:LHCCOM/LHC.LHC.Beam.AutomaticScan.Step,0
13-10-2017 21:49:24.54200000,LHC:LHCCOM/LHC.LHC.Beam.AutomaticScan.Set_Nominal_Displacement_B1_xingPlane,-2.1546023465720193E-002
13-10-2017 21:49:24.54200000,LHC:LHCCOM/LHC.LHC.Beam.AutomaticScan.Plane,MIXED
13-10-2017 21:49:24.54200000,LHC:LHCCOM/LHC.LHC.Beam.AutomaticScan.Set_Nominal_Displacement_B2_xingPlane,2.1546023465720193E-002
13-10-2017 21:49:24.54200000,LHC:LHCCOM/LHC.LHC.Beam.AutomaticScan.Nominal_Separation,-4.3092046931440385E-002
13-10-2017 21:49:24.54200000,LHC:LHCCOM/LHC.LHC.Beam.AutomaticScan.LumiScan_Status,TRIMMING
13-10-2017 21:49:24.54200000,LHC:LHCCOM/LHC.LHC.Beam.AutomaticScan.Beam,3.0E+000
13-10-2017 21:49:24.54200000,LHC:LHCCOM/LHC.LHC.Beam.AutomaticScan.IP,3.2E+001
13-10-2017 21:49:38.81900000,LHC:LHCCOM/LHC.LHC.Beam.AutomaticScan.Acquisition_Flag,1.0E+000
13-10-2017 21:52:04.39700000,LHC:LHCCOM/LHC.LHC.Beam.AutomaticScan.Set_Nominal_Displacement_B2_sepPlane,1.5390016761228706E-002
13-10-2017 21:52:04.39700000,LHC:LHCCOM/LHC.LHC.Beam.AutomaticScan.Set_Nominal_Displacement_B1_sepPlane,-1.5390016761228706E-002
